Entity1,Relationship,Entity2,Evidence,Evidence URL
Dopamine,Ligand,DOP-1,"Suo et al., 2002",http://europepmc.org/abstract/MED/11814642
Dopamine,Ligand,DOP-2,"Tsalik et al., 2003",http://www.ncbi.nlm.nih.gov/pubmed/14568548
Dopamine,Ligand,DOP-3,"Chase et al., 2004",http://www.nature.com/neuro/journal/v7/n10/full/nn1316.html
Dopamine,Ligand,DOP-4,"Sugiura et al., 2005",http://onlinelibrary.wiley.com/doi/10.1111/j.1471-4159.2005.03268.x/full
Dopamine,Ligand,DOP-5,"Carre-Pierrat et al., 2006",http://www.ncbi.nlm.nih.gov/pubmed/17082916
Dopamine,Ligand,DOP-6,"Keating et al., 2003",http://www.ncbi.nlm.nih.gov/pubmed/14521838
Dopamine,Ligand,LGC-53,"Ringstad et al., 2009",http://www.ncbi.nlm.nih.gov/pubmed/19574391
FLP-1,Ligand,NPR-11,"Altun et al., 2011",http://www.wormatlas.org/NTRmainframe.htm
FLP-1,Ligand,NPR-4,"Altun et al., 2011",http://www.wormatlas.org/NTRmainframe.htm
FLP-10,Ligand,EGL-6,"Altun et al., 2011",http://www.wormatlas.org/NTRmainframe.htm
FLP-13,Ligand,FRPR-4,"Nelson et al., 2014",http://journals.plos.org/plosone/article?id=10.1371/journal.pone.0142938
FLP-14,Ligand,NPR-11,"Altun et al., 2011",http://www.wormatlas.org/NTRmainframe.htm
FLP-15,Ligand,NPR-3,"Altun et al., 2011",http://www.wormatlas.org/NTRmainframe.htm
FLP-17,Ligand,EGL-6,"Altun et al., 2011",http://www.wormatlas.org/NTRmainframe.htm
FLP-18,Ligand,NPR-1,"Altun et al., 2011",http://www.wormatlas.org/NTRmainframe.htm
FLP-18,Ligand,NPR-11,"Altun et al., 2011",http://www.wormatlas.org/NTRmainframe.htm
FLP-18,Ligand,NPR-4,"Altun et al., 2011",http://www.wormatlas.org/NTRmainframe.htm
FLP-18,Ligand,NPR-5,"Altun et al., 2011",http://www.wormatlas.org/NTRmainframe.htm
FLP-2,Ligand,FRPR-18,"Altun et al., 2011",http://www.wormatlas.org/NTRmainframe.htm
FLP-21,Ligand,NPR-1,"Altun et al., 2011",http://www.wormatlas.org/NTRmainframe.htm
FLP-21,Ligand,NPR-11,"Altun et al., 2011",http://www.wormatlas.org/NTRmainframe.htm
FLP-21,Ligand,NPR-2,"Altun et al., 2011",http://www.wormatlas.org/NTRmainframe.htm
FLP-21,Ligand,NPR-5,"Altun et al., 2011",http://www.wormatlas.org/NTRmainframe.htm
FLP-4,Ligand,NPR-4,"Altun et al., 2011",http://www.wormatlas.org/NTRmainframe.htm
FLP-5,Ligand,NPR-11,"Altun et al., 2011",http://www.wormatlas.org/NTRmainframe.htm
NLP-1,Ligand,NPR-11,"Altun et al., 2011",http://www.wormatlas.org/NTRmainframe.htm
NLP-12,Ligand,CKR-2,"Altun et al., 2011",http://www.wormatlas.org/NTRmainframe.htm
NLP-24,Ligand,NPR-17,"Cheong et al. et al., 2015",http://lens.elifesciences.org/06683/index.html
NLP-44,Ligand,NMUR-2,"Altun et al., 2011",http://www.wormatlas.org/NTRmainframe.htm
NLP-47,Ligand,GNRR-1,"Altun et al., 2011",http://www.wormatlas.org/NTRmainframe.htm
NTC-1,Ligand,NTR-1,"Garrison et al., 2012",http://www.ncbi.nlm.nih.gov/pubmed/23112335
Octopamine,Ligand,OCTR-1,"Harris et al., 2010",http://www.ncbi.nlm.nih.gov/pubmed/20534837
Octopamine,Ligand,SER-3,"Mills et al., 2012",http://www.ncbi.nlm.nih.gov/pmc/articles/PMC3273394/
Octopamine,Ligand,SER-6,"Mills et al., 2012",http://www.ncbi.nlm.nih.gov/pmc/articles/PMC3273394/
PDF-1,Ligand,PDFR-1,"Altun et al., 2011",http://www.wormatlas.org/NTRmainframe.htm
PDF-2,Ligand,PDFR-1,"Altun et al., 2011",http://www.wormatlas.org/NTRmainframe.htm
Serotonin,Ligand,MOD-1,"Ranganathan et al., 2000",http://www.ncbi.nlm.nih.gov/pubmed/11100728
Serotonin,Ligand,SER-1,"Hamdan et al., 1999",http://onlinelibrary.wiley.com/doi/10.1046/j.1471-4159.1999.721372.x/abstract
Serotonin,Ligand,SER-4,"Olde et al., 1997",http://link.springer.com/article/10.1007%2FBF02736863
Serotonin,Ligand,SER-5,"Hapiak et al., 2009",http://www.ncbi.nlm.nih.gov/pubmed/19001289
Serotonin,Ligand,SER-7,"Hobson et al., 2006",http://www.ncbi.nlm.nih.gov/pubmed/16204223
Tyramine,Ligand,LGC-55,"Pirri et al., 2009",http://www.ncbi.nlm.nih.gov/pubmed/19477154
Tyramine,Ligand,SER-2,"Rex et al., 2004",http://www.ncbi.nlm.nih.gov/pubmed/15569254
Tyramine,Ligand,TYRA-2,"Rex et al., 2005",http://www.ncbi.nlm.nih.gov/pubmed/15953361
Tyramine,Ligand,TYRA-3,"Hapiak et al., 2013",http://www.jneurosci.org/content/33/35/14107.long
ADFL,Neuropeptide,FLP-21,"Macosko et al., 2009",http://www.ncbi.nlm.nih.gov/pubmed/19349961
ADFR,Neuropeptide,FLP-21,"Macosko et al., 2009",http://www.ncbi.nlm.nih.gov/pubmed/19349961
AFDL,Neuropeptide,NTC-1,"Garrison et al., 2012",http://www.ncbi.nlm.nih.gov/pubmed/23112335
AFDR,Neuropeptide,NTC-1,"Garrison et al., 2012",http://www.ncbi.nlm.nih.gov/pubmed/23112335
AIML,Neuropeptide,PDF-2,"Janssen et al., 2009",http://onlinelibrary.wiley.com/doi/10.1111/j.1471-4159.2009.06323.x/abstract
AIMR,Neuropeptide,PDF-2,"Janssen et al., 2009",http://onlinelibrary.wiley.com/doi/10.1111/j.1471-4159.2009.06323.x/abstract
AIZL,Neuropeptide,NTC-1,"Garrison et al., 2012",http://www.ncbi.nlm.nih.gov/pubmed/23112335
AIZR,Neuropeptide,NTC-1,"Garrison et al., 2012",http://www.ncbi.nlm.nih.gov/pubmed/23112335
ALA,Neuropeptide,FLP-13,"Nelson et al., 2014",http://journals.plos.org/plosone/article?id=10.1371/journal.pone.0142938
AQR,Neuropeptide,PDF-2,"Janssen et al., 2009",http://onlinelibrary.wiley.com/doi/10.1111/j.1471-4159.2009.06323.x/abstract
ASEL,Neuropeptide,FLP-21,"Kim et al., 2004",http://onlinelibrary.wiley.com/doi/10.1002/cne.20189/abstract
ASEL,Neuropeptide,FLP-5,"Kim et al., 2004",http://onlinelibrary.wiley.com/doi/10.1002/cne.20189/abstract
ASER,Neuropeptide,FLP-21,"Kim et al., 2004",http://onlinelibrary.wiley.com/doi/10.1002/cne.20189/abstract
ASER,Neuropeptide,FLP-5,"Kim et al., 2004",http://onlinelibrary.wiley.com/doi/10.1002/cne.20189/abstract
ASGL,Neuropeptide,FLP-21,"Macosko et al., 2009",http://www.ncbi.nlm.nih.gov/pubmed/19349961
ASGL,Neuropeptide,NTC-1,"Beets et al., 2012",http://europepmc.org/abstract/MED/23112336
ASGR,Neuropeptide,FLP-21,"Macosko et al., 2009",http://www.ncbi.nlm.nih.gov/pubmed/19349961
ASGR,Neuropeptide,NTC-1,"Beets et al., 2012",http://europepmc.org/abstract/MED/23112336
ASJL,Neuropeptide,FLP-21,"Macosko et al., 2009",http://www.ncbi.nlm.nih.gov/pubmed/19349961
ASJR,Neuropeptide,FLP-21,"Macosko et al., 2009",http://www.ncbi.nlm.nih.gov/pubmed/19349961
ASKL,Neuropeptide,FLP-13,"Kim et al., 2004",http://onlinelibrary.wiley.com/doi/10.1002/cne.20189/abstract
ASKR,Neuropeptide,FLP-13,"Kim et al., 2004",http://onlinelibrary.wiley.com/doi/10.1002/cne.20189/abstract
AUAL,Neuropeptide,FLP-10,"Kim et al., 2004",http://onlinelibrary.wiley.com/doi/10.1002/cne.20189/abstract
AUAL,Neuropeptide,FLP-11,"Kim et al., 2004",http://onlinelibrary.wiley.com/doi/10.1002/cne.20189/abstract
AUAR,Neuropeptide,FLP-10,"Kim et al., 2004",http://onlinelibrary.wiley.com/doi/10.1002/cne.20189/abstract
AUAR,Neuropeptide,FLP-11,"Kim et al., 2004",http://onlinelibrary.wiley.com/doi/10.1002/cne.20189/abstract
AVAL,Neuropeptide,FLP-22,"Kim et al., 2004",http://onlinelibrary.wiley.com/doi/10.1002/cne.20189/abstract
AVAR,Neuropeptide,FLP-22,"Kim et al., 2004",http://onlinelibrary.wiley.com/doi/10.1002/cne.20189/abstract
AVDL,Neuropeptide,PDF-2,"Janssen et al., 2009",http://onlinelibrary.wiley.com/doi/10.1111/j.1471-4159.2009.06323.x/abstract
AVDR,Neuropeptide,PDF-2,"Janssen et al., 2009",http://onlinelibrary.wiley.com/doi/10.1111/j.1471-4159.2009.06323.x/abstract
AVG,Neuropeptide,FLP-22,"Kim et al., 2004",http://onlinelibrary.wiley.com/doi/10.1002/cne.20189/abstract
AVG,Neuropeptide,FLP-7,"Kim et al., 2004",http://onlinelibrary.wiley.com/doi/10.1002/cne.20189/abstract
AVG,Neuropeptide,PDF-2,"Janssen et al., 2009",http://onlinelibrary.wiley.com/doi/10.1111/j.1471-4159.2009.06323.x/abstract
AVKL,Neuropeptide,NTC-1,"Garrison et al., 2012",http://www.ncbi.nlm.nih.gov/pubmed/23112335
AVKR,Neuropeptide,NTC-1,"Garrison et al., 2012",http://www.ncbi.nlm.nih.gov/pubmed/23112335
AVL,Neuropeptide,FLP-22,"Kim et al., 2004",http://onlinelibrary.wiley.com/doi/10.1002/cne.20189/abstract
AVM,Neuropeptide,FLP-4,"Kim et al., 2004",http://onlinelibrary.wiley.com/doi/10.1002/cne.20189/abstract
AWCL,Neuropeptide,FLP-4,"Kim et al., 2004",http://onlinelibrary.wiley.com/doi/10.1002/cne.20189/abstract
AWCR,Neuropeptide,FLP-4,"Kim et al., 2004",http://onlinelibrary.wiley.com/doi/10.1002/cne.20189/abstract
BAGL,Neuropeptide,FLP-10,"Kim et al., 2004",http://onlinelibrary.wiley.com/doi/10.1002/cne.20189/abstract
BAGL,Neuropeptide,FLP-11,"Kim et al., 2004",http://onlinelibrary.wiley.com/doi/10.1002/cne.20189/abstract
BAGL,Neuropeptide,FLP-13,"Kim et al., 2004",http://onlinelibrary.wiley.com/doi/10.1002/cne.20189/abstract
BAGL,Neuropeptide,FLP-17,"Kim et al., 2004",http://onlinelibrary.wiley.com/doi/10.1002/cne.20189/abstract
BAGR,Neuropeptide,FLP-10,"Kim et al., 2004",http://onlinelibrary.wiley.com/doi/10.1002/cne.20189/abstract
BAGR,Neuropeptide,FLP-11,"Kim et al., 2004",http://onlinelibrary.wiley.com/doi/10.1002/cne.20189/abstract
BAGR,Neuropeptide,FLP-13,"Kim et al., 2004",http://onlinelibrary.wiley.com/doi/10.1002/cne.20189/abstract
BAGR,Neuropeptide,FLP-17,"Kim et al., 2004",http://onlinelibrary.wiley.com/doi/10.1002/cne.20189/abstract
BDUL,Neuropeptide,FLP-10,"Kim et al., 2004",http://onlinelibrary.wiley.com/doi/10.1002/cne.20189/abstract
BDUL,Neuropeptide,PDF-2,"Janssen et al., 2009",http://onlinelibrary.wiley.com/doi/10.1111/j.1471-4159.2009.06323.x/abstract
BDUR,Neuropeptide,FLP-10,"Kim et al., 2004",http://onlinelibrary.wiley.com/doi/10.1002/cne.20189/abstract
BDUR,Neuropeptide,PDF-2,"Janssen et al., 2009",http://onlinelibrary.wiley.com/doi/10.1111/j.1471-4159.2009.06323.x/abstract
CEPDL,Neuropeptide,FLP-22,"Kim et al., 2004",http://onlinelibrary.wiley.com/doi/10.1002/cne.20189/abstract
CEPDR,Neuropeptide,FLP-22,"Kim et al., 2004",http://onlinelibrary.wiley.com/doi/10.1002/cne.20189/abstract
CEPVL,Neuropeptide,FLP-22,"Kim et al., 2004",http://onlinelibrary.wiley.com/doi/10.1002/cne.20189/abstract
CEPVR,Neuropeptide,FLP-22,"Kim et al., 2004",http://onlinelibrary.wiley.com/doi/10.1002/cne.20189/abstract
DA1,Neuropeptide,FLP-11,"Kim et al., 2004",http://onlinelibrary.wiley.com/doi/10.1002/cne.20189/abstract
DA2,Neuropeptide,FLP-11,"Kim et al., 2004",http://onlinelibrary.wiley.com/doi/10.1002/cne.20189/abstract
DA3,Neuropeptide,FLP-11,"Kim et al., 2004",http://onlinelibrary.wiley.com/doi/10.1002/cne.20189/abstract
DA4,Neuropeptide,FLP-11,"Kim et al., 2004",http://onlinelibrary.wiley.com/doi/10.1002/cne.20189/abstract
DA5,Neuropeptide,FLP-11,"Kim et al., 2004",http://onlinelibrary.wiley.com/doi/10.1002/cne.20189/abstract
DA6,Neuropeptide,FLP-11,"Kim et al., 2004",http://onlinelibrary.wiley.com/doi/10.1002/cne.20189/abstract
DA7,Neuropeptide,FLP-11,"Kim et al., 2004",http://onlinelibrary.wiley.com/doi/10.1002/cne.20189/abstract
DA8,Neuropeptide,FLP-11,"Kim et al., 2004",http://onlinelibrary.wiley.com/doi/10.1002/cne.20189/abstract
DA9,Neuropeptide,FLP-11,"Kim et al., 2004",http://onlinelibrary.wiley.com/doi/10.1002/cne.20189/abstract
DD1,Neuropeptide,FLP-11,"Kim et al., 2004",http://onlinelibrary.wiley.com/doi/10.1002/cne.20189/abstract
DD1,Neuropeptide,FLP-13,"Kim et al., 2004",http://onlinelibrary.wiley.com/doi/10.1002/cne.20189/abstract
DD1,Neuropeptide,NTC-1,"Garrison et al., 2012",http://www.ncbi.nlm.nih.gov/pubmed/23112335
DD2,Neuropeptide,FLP-11,"Kim et al., 2004",http://onlinelibrary.wiley.com/doi/10.1002/cne.20189/abstract
DD2,Neuropeptide,FLP-13,"Kim et al., 2004",http://onlinelibrary.wiley.com/doi/10.1002/cne.20189/abstract
DD2,Neuropeptide,NTC-1,"Garrison et al., 2012",http://www.ncbi.nlm.nih.gov/pubmed/23112335
DD3,Neuropeptide,FLP-11,"Kim et al., 2004",http://onlinelibrary.wiley.com/doi/10.1002/cne.20189/abstract
DD3,Neuropeptide,FLP-13,"Kim et al., 2004",http://onlinelibrary.wiley.com/doi/10.1002/cne.20189/abstract
DD3,Neuropeptide,NTC-1,"Garrison et al., 2012",http://www.ncbi.nlm.nih.gov/pubmed/23112335
DD4,Neuropeptide,FLP-11,"Kim et al., 2004",http://onlinelibrary.wiley.com/doi/10.1002/cne.20189/abstract
DD4,Neuropeptide,FLP-13,"Kim et al., 2004",http://onlinelibrary.wiley.com/doi/10.1002/cne.20189/abstract
DD4,Neuropeptide,NTC-1,"Garrison et al., 2012",http://www.ncbi.nlm.nih.gov/pubmed/23112335
DD5,Neuropeptide,FLP-11,"Kim et al., 2004",http://onlinelibrary.wiley.com/doi/10.1002/cne.20189/abstract
DD5,Neuropeptide,FLP-13,"Kim et al., 2004",http://onlinelibrary.wiley.com/doi/10.1002/cne.20189/abstract
DD5,Neuropeptide,NTC-1,"Garrison et al., 2012",http://www.ncbi.nlm.nih.gov/pubmed/23112335
DD6,Neuropeptide,FLP-11,"Kim et al., 2004",http://onlinelibrary.wiley.com/doi/10.1002/cne.20189/abstract
DD6,Neuropeptide,FLP-13,"Kim et al., 2004",http://onlinelibrary.wiley.com/doi/10.1002/cne.20189/abstract
DD6,Neuropeptide,NTC-1,"Garrison et al., 2012",http://www.ncbi.nlm.nih.gov/pubmed/23112335
DVA,Neuropeptide,NLP-12,"Janssen et al., 2008",http://www.ncbi.nlm.nih.gov/pubmed/18339709
DVA,Neuropeptide,NTC-1,"Garrison et al., 2012",http://www.ncbi.nlm.nih.gov/pubmed/23112335
DVB,Neuropeptide,FLP-10,"Kim et al., 2004",http://onlinelibrary.wiley.com/doi/10.1002/cne.20189/abstract
DVB,Neuropeptide,FLP-11,"Kim et al., 2004",http://onlinelibrary.wiley.com/doi/10.1002/cne.20189/abstract
HSNL,Neuropeptide,NLP-1,"Karakuzu et al., 2009",http://www.ncbi.nlm.nih.gov/pmc/articles/PMC2727560/
HSNR,Neuropeptide,NLP-1,"Karakuzu et al., 2009",http://www.ncbi.nlm.nih.gov/pmc/articles/PMC2727560/
I2L,Neuropeptide,FLP-15,"Kim et al., 2004",http://onlinelibrary.wiley.com/doi/10.1002/cne.20189/abstract
I2L,Neuropeptide,FLP-5,"Kim et al., 2004",http://onlinelibrary.wiley.com/doi/10.1002/cne.20189/abstract
I2R,Neuropeptide,FLP-15,"Kim et al., 2004",http://onlinelibrary.wiley.com/doi/10.1002/cne.20189/abstract
I2R,Neuropeptide,FLP-5,"Kim et al., 2004",http://onlinelibrary.wiley.com/doi/10.1002/cne.20189/abstract
I4,Neuropeptide,FLP-5,"Kim et al., 2004",http://onlinelibrary.wiley.com/doi/10.1002/cne.20189/abstract
I5,Neuropeptide,FLP-13,"Kim et al., 2004",http://onlinelibrary.wiley.com/doi/10.1002/cne.20189/abstract
I5,Neuropeptide,FLP-2,"Kim et al., 2004",http://onlinelibrary.wiley.com/doi/10.1002/cne.20189/abstract
I5,Neuropeptide,FLP-4,"Kim et al., 2004",http://onlinelibrary.wiley.com/doi/10.1002/cne.20189/abstract
I6,Neuropeptide,FLP-4,"Kim et al., 2004",http://onlinelibrary.wiley.com/doi/10.1002/cne.20189/abstract
IL1DL,Neuropeptide,FLP-3,"Kim et al., 2004",http://onlinelibrary.wiley.com/doi/10.1002/cne.20189/abstract
IL1DR,Neuropeptide,FLP-3,"Kim et al., 2004",http://onlinelibrary.wiley.com/doi/10.1002/cne.20189/abstract
IL1L,Neuropeptide,FLP-3,"Kim et al., 2004",http://onlinelibrary.wiley.com/doi/10.1002/cne.20189/abstract
IL1R,Neuropeptide,FLP-3,"Kim et al., 2004",http://onlinelibrary.wiley.com/doi/10.1002/cne.20189/abstract
IL1VL,Neuropeptide,FLP-3,"Kim et al., 2004",http://onlinelibrary.wiley.com/doi/10.1002/cne.20189/abstract
IL1VR,Neuropeptide,FLP-3,"Kim et al., 2004",http://onlinelibrary.wiley.com/doi/10.1002/cne.20189/abstract
LUAL,Neuropeptide,FLP-11,"Kim et al., 2004",http://onlinelibrary.wiley.com/doi/10.1002/cne.20189/abstract
LUAR,Neuropeptide,FLP-11,"Kim et al., 2004",http://onlinelibrary.wiley.com/doi/10.1002/cne.20189/abstract
M3L,Neuropeptide,FLP-13,"Kim et al., 2004",http://onlinelibrary.wiley.com/doi/10.1002/cne.20189/abstract
M3R,Neuropeptide,FLP-13,"Kim et al., 2004",http://onlinelibrary.wiley.com/doi/10.1002/cne.20189/abstract
M4,Neuropeptide,FLP-2,"Kim et al., 2004",http://onlinelibrary.wiley.com/doi/10.1002/cne.20189/abstract
M4,Neuropeptide,FLP-5,"Kim et al., 2004",http://onlinelibrary.wiley.com/doi/10.1002/cne.20189/abstract
M5,Neuropeptide,FLP-13,"Kim et al., 2004",http://onlinelibrary.wiley.com/doi/10.1002/cne.20189/abstract
M5,Neuropeptide,FLP-17,"Kim et al., 2004",http://onlinelibrary.wiley.com/doi/10.1002/cne.20189/abstract
M5,Neuropeptide,NTC-1,"Garrison et al., 2012",http://www.ncbi.nlm.nih.gov/pubmed/23112335
MCL,Neuropeptide,FLP-2,"Kim et al., 2004",http://onlinelibrary.wiley.com/doi/10.1002/cne.20189/abstract
MCR,Neuropeptide,FLP-2,"Kim et al., 2004",http://onlinelibrary.wiley.com/doi/10.1002/cne.20189/abstract
MI,Neuropeptide,NLP-3,"Nathoo et al., 2001",http://www.wormbook.org/wli/cgc4975/
NSML,Neuropeptide,FLP-4,"Kim et al., 2004",http://onlinelibrary.wiley.com/doi/10.1002/cne.20189/abstract
NSML,Neuropeptide,NLP-3,"Zhang et al., 2014",http://www.ncbi.nlm.nih.gov/pubmed/24353061
NSML,Neuropeptide,NTC-1,"Garrison et al., 2012",http://www.ncbi.nlm.nih.gov/pubmed/23112335
NSMR,Neuropeptide,FLP-4,"Kim et al., 2004",http://onlinelibrary.wiley.com/doi/10.1002/cne.20189/abstract
NSMR,Neuropeptide,NLP-3,"Nathoo et al., 2001",http://www.wormbook.org/wli/cgc4975/
NSMR,Neuropeptide,NTC-1,"Garrison et al., 2012",http://www.ncbi.nlm.nih.gov/pubmed/23112335
OLLL,Neuropeptide,FLP-3,"Li et al., 1999",http://www.ncbi.nlm.nih.gov/pubmed/10612695
OLLR,Neuropeptide,FLP-3,"Li et al., 1999",http://www.ncbi.nlm.nih.gov/pubmed/10612695
PDA,Neuropeptide,FLP-7,"Kim et al., 2004",http://onlinelibrary.wiley.com/doi/10.1002/cne.20189/abstract
PHAL,Neuropeptide,FLP-15,"Kim et al., 2004",http://onlinelibrary.wiley.com/doi/10.1002/cne.20189/abstract
PHAL,Neuropeptide,FLP-4,"Kim et al., 2004",http://onlinelibrary.wiley.com/doi/10.1002/cne.20189/abstract
PHAL,Neuropeptide,FLP-7,"Kim et al., 2004",http://onlinelibrary.wiley.com/doi/10.1002/cne.20189/abstract
PHAL,Neuropeptide,PDF-1,"Janssen et al., 2009",http://onlinelibrary.wiley.com/doi/10.1111/j.1471-4159.2009.06323.x/abstract
PHAL,Neuropeptide,PDF-2,"Janssen et al., 2009",http://onlinelibrary.wiley.com/doi/10.1111/j.1471-4159.2009.06323.x/abstract
PHAR,Neuropeptide,FLP-15,"Kim et al., 2004",http://onlinelibrary.wiley.com/doi/10.1002/cne.20189/abstract
PHAR,Neuropeptide,FLP-4,"Kim et al., 2004",http://onlinelibrary.wiley.com/doi/10.1002/cne.20189/abstract
PHAR,Neuropeptide,FLP-7,"Kim et al., 2004",http://onlinelibrary.wiley.com/doi/10.1002/cne.20189/abstract
PHAR,Neuropeptide,PDF-1,"Janssen et al., 2009",http://onlinelibrary.wiley.com/doi/10.1111/j.1471-4159.2009.06323.x/abstract
PHAR,Neuropeptide,PDF-2,"Janssen et al., 2009",http://onlinelibrary.wiley.com/doi/10.1111/j.1471-4159.2009.06323.x/abstract
PHBL,Neuropeptide,FLP-4,"Kim et al., 2004",http://onlinelibrary.wiley.com/doi/10.1002/cne.20189/abstract
PHBL,Neuropeptide,FLP-7,"Kim et al., 2004",http://onlinelibrary.wiley.com/doi/10.1002/cne.20189/abstract
PHBL,Neuropeptide,PDF-1,"Janssen et al., 2009",http://onlinelibrary.wiley.com/doi/10.1111/j.1471-4159.2009.06323.x/abstract
PHBL,Neuropeptide,PDF-2,"Janssen et al., 2009",http://onlinelibrary.wiley.com/doi/10.1111/j.1471-4159.2009.06323.x/abstract
PHBR,Neuropeptide,FLP-4,"Kim et al., 2004",http://onlinelibrary.wiley.com/doi/10.1002/cne.20189/abstract
PHBR,Neuropeptide,FLP-7,"Kim et al., 2004",http://onlinelibrary.wiley.com/doi/10.1002/cne.20189/abstract
PHBR,Neuropeptide,PDF-1,"Janssen et al., 2009",http://onlinelibrary.wiley.com/doi/10.1111/j.1471-4159.2009.06323.x/abstract
PHBR,Neuropeptide,PDF-2,"Janssen et al., 2009",http://onlinelibrary.wiley.com/doi/10.1111/j.1471-4159.2009.06323.x/abstract
PHCL,Neuropeptide,FLP-11,"Kim et al., 2004",http://onlinelibrary.wiley.com/doi/10.1002/cne.20189/abstract
PHCR,Neuropeptide,FLP-11,"Kim et al., 2004",http://onlinelibrary.wiley.com/doi/10.1002/cne.20189/abstract
PQR,Neuropeptide,FLP-10,"Kim et al., 2004",http://onlinelibrary.wiley.com/doi/10.1002/cne.20189/abstract
PQR,Neuropeptide,FLP-3,"Kim et al., 2004",http://onlinelibrary.wiley.com/doi/10.1002/cne.20189/abstract
PQR,Neuropeptide,PDF-1,"Janssen et al., 2009",http://onlinelibrary.wiley.com/doi/10.1111/j.1471-4159.2009.06323.x/abstract
PQR,Neuropeptide,PDF-2,"Janssen et al., 2009",http://onlinelibrary.wiley.com/doi/10.1111/j.1471-4159.2009.06323.x/abstract
PVCL,Neuropeptide,FLP-11,"Kim et al., 2004",http://onlinelibrary.wiley.com/doi/10.1002/cne.20189/abstract
PVCR,Neuropeptide,FLP-11,"Kim et al., 2004",http://onlinelibrary.wiley.com/doi/10.1002/cne.20189/abstract
PVDL,Neuropeptide,FLP-22,"Kim et al., 2004",http://onlinelibrary.wiley.com/doi/10.1002/cne.20189/abstract
PVDL,Neuropeptide,FLP-4,"Kim et al., 2004",http://onlinelibrary.wiley.com/doi/10.1002/cne.20189/abstract
PVDR,Neuropeptide,FLP-22,"Kim et al., 2004",http://onlinelibrary.wiley.com/doi/10.1002/cne.20189/abstract
PVDR,Neuropeptide,FLP-4,"Kim et al., 2004",http://onlinelibrary.wiley.com/doi/10.1002/cne.20189/abstract
PVPL,Neuropeptide,PDF-1,"Barrios et al., 2012",http://www.ncbi.nlm.nih.gov/pubmed/23143519
PVPL,Neuropeptide,PDF-2,"Janssen et al., 2009",http://onlinelibrary.wiley.com/doi/10.1111/j.1471-4159.2009.06323.x/abstract
PVPR,Neuropeptide,PDF-1,"Barrios et al., 2012",http://www.ncbi.nlm.nih.gov/pubmed/23143519
PVPR,Neuropeptide,PDF-2,"Janssen et al., 2009",http://onlinelibrary.wiley.com/doi/10.1111/j.1471-4159.2009.06323.x/abstract
PVR,Neuropeptide,FLP-10,"Kim et al., 2004",http://onlinelibrary.wiley.com/doi/10.1002/cne.20189/abstract
PVT,Neuropeptide,FLP-5,"Kim et al., 2004",http://onlinelibrary.wiley.com/doi/10.1002/cne.20189/abstract
PVT,Neuropeptide,NLP-14,"Sherlekar et al., 2013",http://journals.plos.org/plosone/article?id=10.1371/journal.pone.0060597
PVT,Neuropeptide,PDF-2,"Janssen et al., 2009",http://onlinelibrary.wiley.com/doi/10.1111/j.1471-4159.2009.06323.x/abstract
PVWL,Neuropeptide,FLP-2,"Kim et al., 2004",http://onlinelibrary.wiley.com/doi/10.1002/cne.20189/abstract
PVWL,Neuropeptide,FLP-22,"Kim et al., 2004",http://onlinelibrary.wiley.com/doi/10.1002/cne.20189/abstract
PVWL,Neuropeptide,FLP-7,"Kim et al., 2004",http://onlinelibrary.wiley.com/doi/10.1002/cne.20189/abstract
PVWR,Neuropeptide,FLP-2,"Kim et al., 2004",http://onlinelibrary.wiley.com/doi/10.1002/cne.20189/abstract
PVWR,Neuropeptide,FLP-22,"Kim et al., 2004",http://onlinelibrary.wiley.com/doi/10.1002/cne.20189/abstract
PVWR,Neuropeptide,FLP-7,"Kim et al., 2004",http://onlinelibrary.wiley.com/doi/10.1002/cne.20189/abstract
RICL,Neuropeptide,FLP-22,"Kim et al., 2004",http://onlinelibrary.wiley.com/doi/10.1002/cne.20189/abstract
RICL,Neuropeptide,FLP-7,"Kim et al., 2004",http://onlinelibrary.wiley.com/doi/10.1002/cne.20189/abstract
RICL,Neuropeptide,NTC-1,"Garrison et al., 2012",http://www.ncbi.nlm.nih.gov/pubmed/23112335
RICR,Neuropeptide,FLP-22,"Kim et al., 2004",http://onlinelibrary.wiley.com/doi/10.1002/cne.20189/abstract
RICR,Neuropeptide,FLP-7,"Kim et al., 2004",http://onlinelibrary.wiley.com/doi/10.1002/cne.20189/abstract
RICR,Neuropeptide,NTC-1,"Garrison et al., 2012",http://www.ncbi.nlm.nih.gov/pubmed/23112335
RID,Neuropeptide,FLP-2,"Kim et al., 2004",http://onlinelibrary.wiley.com/doi/10.1002/cne.20189/abstract
RID,Neuropeptide,PDF-1,"Janssen et al., 2009",http://onlinelibrary.wiley.com/doi/10.1111/j.1471-4159.2009.06323.x/abstract
RID,Neuropeptide,PDF-2,"Janssen et al., 2009",http://onlinelibrary.wiley.com/doi/10.1111/j.1471-4159.2009.06323.x/abstract
RIGL,Neuropeptide,FLP-1,"Kim et al., 2004",http://onlinelibrary.wiley.com/doi/10.1002/cne.20189/abstract
RIGL,Neuropeptide,FLP-18,"Kim et al., 2004",http://onlinelibrary.wiley.com/doi/10.1002/cne.20189/abstract
RIGR,Neuropeptide,FLP-1,"Kim et al., 2004",http://onlinelibrary.wiley.com/doi/10.1002/cne.20189/abstract
RIGR,Neuropeptide,FLP-18,"Kim et al., 2004",http://onlinelibrary.wiley.com/doi/10.1002/cne.20189/abstract
RIML,Neuropeptide,FLP-18,"Kim et al., 2004",http://onlinelibrary.wiley.com/doi/10.1002/cne.20189/abstract
RIML,Neuropeptide,PDF-2,"Janssen et al., 2009",http://onlinelibrary.wiley.com/doi/10.1111/j.1471-4159.2009.06323.x/abstract
RIMR,Neuropeptide,FLP-18,"Kim et al., 2004",http://onlinelibrary.wiley.com/doi/10.1002/cne.20189/abstract
RIMR,Neuropeptide,PDF-2,"Janssen et al., 2009",http://onlinelibrary.wiley.com/doi/10.1111/j.1471-4159.2009.06323.x/abstract
RIS,Neuropeptide,PDF-2,"Janssen et al., 2009",http://onlinelibrary.wiley.com/doi/10.1111/j.1471-4159.2009.06323.x/abstract
RIVL,Neuropeptide,FLP-22,"Kim et al., 2004",http://onlinelibrary.wiley.com/doi/10.1002/cne.20189/abstract
RIVR,Neuropeptide,FLP-22,"Kim et al., 2004",http://onlinelibrary.wiley.com/doi/10.1002/cne.20189/abstract
RMDDL,Neuropeptide,FLP-7,"Kim et al., 2004",http://onlinelibrary.wiley.com/doi/10.1002/cne.20189/abstract
RMDDR,Neuropeptide,FLP-7,"Kim et al., 2004",http://onlinelibrary.wiley.com/doi/10.1002/cne.20189/abstract
RMDL,Neuropeptide,FLP-7,"Kim et al., 2004",http://onlinelibrary.wiley.com/doi/10.1002/cne.20189/abstract
RMDR,Neuropeptide,FLP-7,"Kim et al., 2004",http://onlinelibrary.wiley.com/doi/10.1002/cne.20189/abstract
RMDVL,Neuropeptide,FLP-7,"Kim et al., 2004",http://onlinelibrary.wiley.com/doi/10.1002/cne.20189/abstract
RMDVR,Neuropeptide,FLP-7,"Kim et al., 2004",http://onlinelibrary.wiley.com/doi/10.1002/cne.20189/abstract
RMED,Neuropeptide,PDF-1,"Janssen et al., 2009",http://onlinelibrary.wiley.com/doi/10.1111/j.1471-4159.2009.06323.x/abstract
RMEL,Neuropeptide,PDF-1,"Janssen et al., 2009",http://onlinelibrary.wiley.com/doi/10.1111/j.1471-4159.2009.06323.x/abstract
RMER,Neuropeptide,PDF-1,"Janssen et al., 2009",http://onlinelibrary.wiley.com/doi/10.1111/j.1471-4159.2009.06323.x/abstract
RMEV,Neuropeptide,PDF-1,"Janssen et al., 2009",http://onlinelibrary.wiley.com/doi/10.1111/j.1471-4159.2009.06323.x/abstract
RMGL,Neuropeptide,FLP-1,"Kim et al., 2004",http://onlinelibrary.wiley.com/doi/10.1002/cne.20189/abstract
RMGL,Neuropeptide,FLP-21,"Macosko et al., 2009",http://www.ncbi.nlm.nih.gov/pubmed/19349961
RMGL,Neuropeptide,FLP-5,"Kim et al., 2004",http://onlinelibrary.wiley.com/doi/10.1002/cne.20189/abstract
RMGR,Neuropeptide,FLP-1,"Kim et al., 2004",http://onlinelibrary.wiley.com/doi/10.1002/cne.20189/abstract
RMGR,Neuropeptide,FLP-21,"Macosko et al., 2009",http://www.ncbi.nlm.nih.gov/pubmed/19349961
RMGR,Neuropeptide,FLP-5,"Kim et al., 2004",http://onlinelibrary.wiley.com/doi/10.1002/cne.20189/abstract
SAADL,Neuropeptide,FLP-7,"Kim et al., 2004",http://onlinelibrary.wiley.com/doi/10.1002/cne.20189/abstract
SAADR,Neuropeptide,FLP-7,"Kim et al., 2004",http://onlinelibrary.wiley.com/doi/10.1002/cne.20189/abstract
SAAVL,Neuropeptide,FLP-7,"Kim et al., 2004",http://onlinelibrary.wiley.com/doi/10.1002/cne.20189/abstract
SAAVR,Neuropeptide,FLP-7,"Kim et al., 2004",http://onlinelibrary.wiley.com/doi/10.1002/cne.20189/abstract
SAB,Neuropeptide,FLP-11,"Kim et al., 2004",http://onlinelibrary.wiley.com/doi/10.1002/cne.20189/abstract
SMDDL,Neuropeptide,FLP-22,"Kim et al., 2004",http://onlinelibrary.wiley.com/doi/10.1002/cne.20189/abstract
SMDDR,Neuropeptide,FLP-22,"Kim et al., 2004",http://onlinelibrary.wiley.com/doi/10.1002/cne.20189/abstract
SMDVL,Neuropeptide,FLP-22,"Kim et al., 2004",http://onlinelibrary.wiley.com/doi/10.1002/cne.20189/abstract
SMDVL,Neuropeptide,FLP-7,"Kim et al., 2004",http://onlinelibrary.wiley.com/doi/10.1002/cne.20189/abstract
SMDVR,Neuropeptide,FLP-22,"Kim et al., 2004",http://onlinelibrary.wiley.com/doi/10.1002/cne.20189/abstract
SMDVR,Neuropeptide,FLP-7,"Kim et al., 2004",http://onlinelibrary.wiley.com/doi/10.1002/cne.20189/abstract
URADL,Neuropeptide,FLP-21,"Kim et al., 2004",http://onlinelibrary.wiley.com/doi/10.1002/cne.20189/abstract
URADL,Neuropeptide,FLP-22,"Kim et al., 2004",http://onlinelibrary.wiley.com/doi/10.1002/cne.20189/abstract
URADR,Neuropeptide,FLP-21,"Kim et al., 2004",http://onlinelibrary.wiley.com/doi/10.1002/cne.20189/abstract
URADR,Neuropeptide,FLP-22,"Kim et al., 2004",http://onlinelibrary.wiley.com/doi/10.1002/cne.20189/abstract
URAVL,Neuropeptide,FLP-21,"Kim et al., 2004",http://onlinelibrary.wiley.com/doi/10.1002/cne.20189/abstract
URAVL,Neuropeptide,FLP-22,"Kim et al., 2004",http://onlinelibrary.wiley.com/doi/10.1002/cne.20189/abstract
URAVR,Neuropeptide,FLP-21,"Kim et al., 2004",http://onlinelibrary.wiley.com/doi/10.1002/cne.20189/abstract
URAVR,Neuropeptide,FLP-22,"Kim et al., 2004",http://onlinelibrary.wiley.com/doi/10.1002/cne.20189/abstract
URBL,Neuropeptide,FLP-3,"Li et al., 1999",http://www.ncbi.nlm.nih.gov/pubmed/10612695
URBR,Neuropeptide,FLP-3,"Li et al., 1999",http://www.ncbi.nlm.nih.gov/pubmed/10612695
URXL,Neuropeptide,FLP-21,"Macosko et al., 2009",http://www.ncbi.nlm.nih.gov/pubmed/19349961
URXR,Neuropeptide,FLP-21,"Macosko et al., 2009",http://www.ncbi.nlm.nih.gov/pubmed/19349961
VC1,Neuropeptide,NTC-1,"Garrison et al., 2012",http://www.ncbi.nlm.nih.gov/pubmed/23112335
VC2,Neuropeptide,NTC-1,"Garrison et al., 2012",http://www.ncbi.nlm.nih.gov/pubmed/23112335
VC3,Neuropeptide,NTC-1,"Garrison et al., 2012",http://www.ncbi.nlm.nih.gov/pubmed/23112335
VC4,Neuropeptide,NTC-1,"Garrison et al., 2012",http://www.ncbi.nlm.nih.gov/pubmed/23112335
VC5,Neuropeptide,NTC-1,"Garrison et al., 2012",http://www.ncbi.nlm.nih.gov/pubmed/23112335
VC6,Neuropeptide,NTC-1,"Garrison et al., 2012",http://www.ncbi.nlm.nih.gov/pubmed/23112335
VD1,Neuropeptide,FLP-11,"Kim et al., 2004",http://onlinelibrary.wiley.com/doi/10.1002/cne.20189/abstract
VD1,Neuropeptide,NTC-1,"Garrison et al., 2012",http://www.ncbi.nlm.nih.gov/pubmed/23112335
VD10,Neuropeptide,FLP-11,"Kim et al., 2004",http://onlinelibrary.wiley.com/doi/10.1002/cne.20189/abstract
VD10,Neuropeptide,NTC-1,"Garrison et al., 2012",http://www.ncbi.nlm.nih.gov/pubmed/23112335
VD11,Neuropeptide,FLP-11,"Kim et al., 2004",http://onlinelibrary.wiley.com/doi/10.1002/cne.20189/abstract
VD11,Neuropeptide,NTC-1,"Garrison et al., 2012",http://www.ncbi.nlm.nih.gov/pubmed/23112335
VD12,Neuropeptide,FLP-11,"Kim et al., 2004",http://onlinelibrary.wiley.com/doi/10.1002/cne.20189/abstract
VD12,Neuropeptide,NTC-1,"Garrison et al., 2012",http://www.ncbi.nlm.nih.gov/pubmed/23112335
VD13,Neuropeptide,FLP-11,"Kim et al., 2004",http://onlinelibrary.wiley.com/doi/10.1002/cne.20189/abstract
VD13,Neuropeptide,NTC-1,"Garrison et al., 2012",http://www.ncbi.nlm.nih.gov/pubmed/23112335
VD2,Neuropeptide,FLP-11,"Kim et al., 2004",http://onlinelibrary.wiley.com/doi/10.1002/cne.20189/abstract
VD2,Neuropeptide,NTC-1,"Garrison et al., 2012",http://www.ncbi.nlm.nih.gov/pubmed/23112335
VD3,Neuropeptide,FLP-11,"Kim et al., 2004",http://onlinelibrary.wiley.com/doi/10.1002/cne.20189/abstract
VD3,Neuropeptide,NTC-1,"Garrison et al., 2012",http://www.ncbi.nlm.nih.gov/pubmed/23112335
VD4,Neuropeptide,FLP-11,"Kim et al., 2004",http://onlinelibrary.wiley.com/doi/10.1002/cne.20189/abstract
VD4,Neuropeptide,NTC-1,"Garrison et al., 2012",http://www.ncbi.nlm.nih.gov/pubmed/23112335
VD5,Neuropeptide,FLP-11,"Kim et al., 2004",http://onlinelibrary.wiley.com/doi/10.1002/cne.20189/abstract
VD5,Neuropeptide,NTC-1,"Garrison et al., 2012",http://www.ncbi.nlm.nih.gov/pubmed/23112335
VD6,Neuropeptide,FLP-11,"Kim et al., 2004",http://onlinelibrary.wiley.com/doi/10.1002/cne.20189/abstract
VD6,Neuropeptide,NTC-1,"Garrison et al., 2012",http://www.ncbi.nlm.nih.gov/pubmed/23112335
VD7,Neuropeptide,FLP-11,"Kim et al., 2004",http://onlinelibrary.wiley.com/doi/10.1002/cne.20189/abstract
VD7,Neuropeptide,NTC-1,"Garrison et al., 2012",http://www.ncbi.nlm.nih.gov/pubmed/23112335
VD8,Neuropeptide,FLP-11,"Kim et al., 2004",http://onlinelibrary.wiley.com/doi/10.1002/cne.20189/abstract
VD8,Neuropeptide,NTC-1,"Garrison et al., 2012",http://www.ncbi.nlm.nih.gov/pubmed/23112335
VD9,Neuropeptide,FLP-11,"Kim et al., 2004",http://onlinelibrary.wiley.com/doi/10.1002/cne.20189/abstract
VD9,Neuropeptide,NTC-1,"Garrison et al., 2012",http://www.ncbi.nlm.nih.gov/pubmed/23112335
RIML,Neurotransmitter,Tyramine,"Alkema et al., 2005",http://www.ncbi.nlm.nih.gov/pubmed/15848803
RIMR,Neurotransmitter,Tyramine,"Alkema et al., 2005",http://www.ncbi.nlm.nih.gov/pubmed/15848803
ADAL,Receptor,DOP-5,"Schafer et al., (n.d.)",THIS STUDY
ADAR,Receptor,DOP-5,"Schafer et al., (n.d.)",THIS STUDY
ADEL,Receptor,OCTR-1,"Wragg et al., 2007",http://www.ncbi.nlm.nih.gov/pubmed/18057198
ADER,Receptor,OCTR-1,"Wragg et al., 2007",http://www.ncbi.nlm.nih.gov/pubmed/18057198
ADFL,Receptor,DOP-6,"Schafer et al., (n.d.)",THIS STUDY
ADFL,Receptor,NPR-2,"Luo et al., 2015",http://www.genetics.org/content/199/2/523
ADFL,Receptor,NTR-1,"Garrison et al., 2012",http://www.ncbi.nlm.nih.gov/pubmed/23112335
ADFL,Receptor,NTR-2,"Garrison et al., 2012",http://www.ncbi.nlm.nih.gov/pubmed/23112335
ADFR,Receptor,DOP-6,"Schafer et al., (n.d.)",THIS STUDY
ADFR,Receptor,NPR-2,"Luo et al., 2015",http://www.genetics.org/content/199/2/523
ADFR,Receptor,NTR-1,"Garrison et al., 2012",http://www.ncbi.nlm.nih.gov/pubmed/23112335
ADFR,Receptor,NTR-2,"Garrison et al., 2012",http://www.ncbi.nlm.nih.gov/pubmed/23112335
ADLL,Receptor,NTR-1,"Garrison et al., 2012",http://www.ncbi.nlm.nih.gov/pubmed/23112335
ADLL,Receptor,NTR-2,"Garrison et al., 2012",http://www.ncbi.nlm.nih.gov/pubmed/23112335
ADLL,Receptor,SER-6,"Mills et al., 2012",http://www.ncbi.nlm.nih.gov/pmc/articles/PMC3273394/
ADLL,Receptor,TYRA-3,"Bendesky et al., 2011",http://www.ncbi.nlm.nih.gov/pmc/articles/PMC3154120/
ADLR,Receptor,NTR-1,"Garrison et al., 2012",http://www.ncbi.nlm.nih.gov/pubmed/23112335
ADLR,Receptor,NTR-2,"Garrison et al., 2012",http://www.ncbi.nlm.nih.gov/pubmed/23112335
ADLR,Receptor,SER-6,"Mills et al., 2012",http://www.ncbi.nlm.nih.gov/pmc/articles/PMC3273394/
ADLR,Receptor,TYRA-3,"Bendesky et al., 2011",http://www.ncbi.nlm.nih.gov/pmc/articles/PMC3154120/
AFDL,Receptor,TYRA-3,"Bendesky et al., 2011",http://www.ncbi.nlm.nih.gov/pmc/articles/PMC3154120/
AFDR,Receptor,TYRA-3,"Bendesky et al., 2011",http://www.ncbi.nlm.nih.gov/pmc/articles/PMC3154120/
AIAL,Receptor,MOD-1,"Li et al., 2012",http://www.nature.com/ncomms/journal/v3/n4/full/ncomms1780.html?WT.ec_id=NCOMMS-20120410
AIAL,Receptor,NTR-2,"Garrison et al., 2012",http://www.ncbi.nlm.nih.gov/pubmed/23112335
AIAR,Receptor,MOD-1,"Li et al., 2012",http://www.nature.com/ncomms/journal/v3/n4/full/ncomms1780.html?WT.ec_id=NCOMMS-20120410
AIAR,Receptor,NTR-2,"Garrison et al., 2012",http://www.ncbi.nlm.nih.gov/pubmed/23112335
AIBL,Receptor,MOD-1,"Li et al., 2012",http://www.nature.com/ncomms/journal/v3/n4/full/ncomms1780.html?WT.ec_id=NCOMMS-20120410
AIBL,Receptor,SER-4,"Gürel et al., 2012",https://dspace.mit.edu/handle/1721.1/85982
AIBR,Receptor,MOD-1,"Li et al., 2012",http://www.nature.com/ncomms/journal/v3/n4/full/ncomms1780.html?WT.ec_id=NCOMMS-20120410
AIBR,Receptor,SER-4,"Gürel et al., 2012",https://dspace.mit.edu/handle/1721.1/85982
AIML,Receptor,DOP-5,"Schafer et al., (n.d.)",THIS STUDY
AIML,Receptor,LGC-53,"Schafer et al., (n.d.)",THIS STUDY
AIML,Receptor,TYRA-3,"Bendesky et al., 2011",http://www.ncbi.nlm.nih.gov/pmc/articles/PMC3154120/
AIMR,Receptor,DOP-5,"Schafer et al., (n.d.)",THIS STUDY
AIMR,Receptor,LGC-53,"Schafer et al., (n.d.)",THIS STUDY
AIMR,Receptor,TYRA-3,"Bendesky et al., 2011",http://www.ncbi.nlm.nih.gov/pmc/articles/PMC3154120/
AIYL,Receptor,DOP-5,"Schafer et al., (n.d.)",THIS STUDY
AIYL,Receptor,OCTR-1,"Wragg et al., 2007",http://www.ncbi.nlm.nih.gov/pubmed/18057198
AIYR,Receptor,DOP-5,"Schafer et al., (n.d.)",THIS STUDY
AIYR,Receptor,OCTR-1,"Wragg et al., 2007",http://www.ncbi.nlm.nih.gov/pubmed/18057198
AIZL,Receptor,MOD-1,"Li et al., 2012",http://www.nature.com/ncomms/journal/v3/n4/full/ncomms1780.html?WT.ec_id=NCOMMS-20120410
AIZL,Receptor,NPR-2,"Luo et al., 2015",http://www.genetics.org/content/199/2/523
AIZR,Receptor,MOD-1,"Li et al., 2012",http://www.nature.com/ncomms/journal/v3/n4/full/ncomms1780.html?WT.ec_id=NCOMMS-20120410
AIZR,Receptor,NPR-2,"Luo et al., 2015",http://www.genetics.org/content/199/2/523
AS1,Receptor,CKR-2,"Hu et al., 2011",http://www.ncbi.nlm.nih.gov/pubmed/21745640
AS1,Receptor,DOP-1,"Chase et al., 2004",http://www.nature.com/neuro/journal/v7/n10/full/nn1316.html
AS1,Receptor,DOP-3,"Chase et al., 2004",http://www.nature.com/neuro/journal/v7/n10/full/nn1316.html
AS1,Receptor,NPR-3,"Keating et al., 2003",http://www.ncbi.nlm.nih.gov/pubmed/14521838
AS10,Receptor,CKR-2,"Hu et al., 2011",http://www.ncbi.nlm.nih.gov/pubmed/21745640
AS10,Receptor,DOP-1,"Chase et al., 2004",http://www.nature.com/neuro/journal/v7/n10/full/nn1316.html
AS10,Receptor,DOP-3,"Chase et al., 2004",http://www.nature.com/neuro/journal/v7/n10/full/nn1316.html
AS10,Receptor,NPR-3,"Keating et al., 2003",http://www.ncbi.nlm.nih.gov/pubmed/14521838
AS11,Receptor,CKR-2,"Hu et al., 2011",http://www.ncbi.nlm.nih.gov/pubmed/21745640
AS11,Receptor,DOP-1,"Chase et al., 2004",http://www.nature.com/neuro/journal/v7/n10/full/nn1316.html
AS11,Receptor,DOP-3,"Chase et al., 2004",http://www.nature.com/neuro/journal/v7/n10/full/nn1316.html
AS11,Receptor,NPR-3,"Keating et al., 2003",http://www.ncbi.nlm.nih.gov/pubmed/14521838
AS2,Receptor,CKR-2,"Hu et al., 2011",http://www.ncbi.nlm.nih.gov/pubmed/21745640
AS2,Receptor,DOP-1,"Chase et al., 2004",http://www.nature.com/neuro/journal/v7/n10/full/nn1316.html
AS2,Receptor,DOP-3,"Chase et al., 2004",http://www.nature.com/neuro/journal/v7/n10/full/nn1316.html
AS2,Receptor,NPR-3,"Keating et al., 2003",http://www.ncbi.nlm.nih.gov/pubmed/14521838
AS3,Receptor,CKR-2,"Hu et al., 2011",http://www.ncbi.nlm.nih.gov/pubmed/21745640
AS3,Receptor,DOP-1,"Chase et al., 2004",http://www.nature.com/neuro/journal/v7/n10/full/nn1316.html
AS3,Receptor,DOP-3,"Chase et al., 2004",http://www.nature.com/neuro/journal/v7/n10/full/nn1316.html
AS3,Receptor,NPR-3,"Keating et al., 2003",http://www.ncbi.nlm.nih.gov/pubmed/14521838
AS4,Receptor,CKR-2,"Hu et al., 2011",http://www.ncbi.nlm.nih.gov/pubmed/21745640
AS4,Receptor,DOP-1,"Chase et al., 2004",http://www.nature.com/neuro/journal/v7/n10/full/nn1316.html
AS4,Receptor,DOP-3,"Chase et al., 2004",http://www.nature.com/neuro/journal/v7/n10/full/nn1316.html
AS4,Receptor,NPR-3,"Keating et al., 2003",http://www.ncbi.nlm.nih.gov/pubmed/14521838
AS5,Receptor,CKR-2,"Hu et al., 2011",http://www.ncbi.nlm.nih.gov/pubmed/21745640
AS5,Receptor,DOP-1,"Chase et al., 2004",http://www.nature.com/neuro/journal/v7/n10/full/nn1316.html
AS5,Receptor,DOP-3,"Chase et al., 2004",http://www.nature.com/neuro/journal/v7/n10/full/nn1316.html
AS5,Receptor,NPR-3,"Keating et al., 2003",http://www.ncbi.nlm.nih.gov/pubmed/14521838
AS6,Receptor,CKR-2,"Hu et al., 2011",http://www.ncbi.nlm.nih.gov/pubmed/21745640
AS6,Receptor,DOP-1,"Chase et al., 2004",http://www.nature.com/neuro/journal/v7/n10/full/nn1316.html
AS6,Receptor,DOP-3,"Chase et al., 2004",http://www.nature.com/neuro/journal/v7/n10/full/nn1316.html
AS6,Receptor,NPR-3,"Keating et al., 2003",http://www.ncbi.nlm.nih.gov/pubmed/14521838
AS7,Receptor,CKR-2,"Hu et al., 2011",http://www.ncbi.nlm.nih.gov/pubmed/21745640
AS7,Receptor,DOP-1,"Chase et al., 2004",http://www.nature.com/neuro/journal/v7/n10/full/nn1316.html
AS7,Receptor,DOP-3,"Chase et al., 2004",http://www.nature.com/neuro/journal/v7/n10/full/nn1316.html
AS7,Receptor,NPR-3,"Keating et al., 2003",http://www.ncbi.nlm.nih.gov/pubmed/14521838
AS8,Receptor,CKR-2,"Hu et al., 2011",http://www.ncbi.nlm.nih.gov/pubmed/21745640
AS8,Receptor,DOP-1,"Chase et al., 2004",http://www.nature.com/neuro/journal/v7/n10/full/nn1316.html
AS8,Receptor,DOP-3,"Chase et al., 2004",http://www.nature.com/neuro/journal/v7/n10/full/nn1316.html
AS8,Receptor,NPR-3,"Keating et al., 2003",http://www.ncbi.nlm.nih.gov/pubmed/14521838
AS9,Receptor,CKR-2,"Hu et al., 2011",http://www.ncbi.nlm.nih.gov/pubmed/21745640
AS9,Receptor,DOP-1,"Chase et al., 2004",http://www.nature.com/neuro/journal/v7/n10/full/nn1316.html
AS9,Receptor,DOP-3,"Chase et al., 2004",http://www.nature.com/neuro/journal/v7/n10/full/nn1316.html
AS9,Receptor,NPR-3,"Keating et al., 2003",http://www.ncbi.nlm.nih.gov/pubmed/14521838
ASEL,Receptor,NPR-5,"Cohen et al., 2009",http://www.sciencedirect.com/science/article/pii/S1550413109000412
ASEL,Receptor,NTR-1,"Beets et al., 2012",http://europepmc.org/abstract/MED/23112336
ASER,Receptor,NTR-1,"Beets et al., 2012",http://europepmc.org/abstract/MED/23112336
ASHL,Receptor,NPR-2,"Luo et al., 2015",http://www.genetics.org/content/199/2/523
ASHL,Receptor,NTR-1,"Garrison et al., 2012",http://www.ncbi.nlm.nih.gov/pubmed/23112335
ASHL,Receptor,NTR-2,"Garrison et al., 2012",http://www.ncbi.nlm.nih.gov/pubmed/23112335
ASHL,Receptor,SER-5,"Harris et al., 2009",http://www.ncbi.nlm.nih.gov/pubmed/19193891
ASHR,Receptor,NPR-2,"Luo et al., 2015",http://www.genetics.org/content/199/2/523
ASHR,Receptor,NTR-1,"Garrison et al., 2012",http://www.ncbi.nlm.nih.gov/pubmed/23112335
ASHR,Receptor,NTR-2,"Garrison et al., 2012",http://www.ncbi.nlm.nih.gov/pubmed/23112335
ASHR,Receptor,SER-5,"Harris et al., 2009",http://www.ncbi.nlm.nih.gov/pubmed/19193891
ASIL,Receptor,DOP-6,"Schafer et al., (n.d.)",THIS STUDY
ASIL,Receptor,NPR-17,"Harris et al., 2010",http://www.ncbi.nlm.nih.gov/pubmed/20534837
ASIL,Receptor,OCTR-1,"Wragg et al., 2007",http://www.ncbi.nlm.nih.gov/pubmed/18057198
ASIL,Receptor,TYRA-2,"Rex et al., 2005",http://www.ncbi.nlm.nih.gov/pubmed/15953361
ASIR,Receptor,DOP-6,"Schafer et al., (n.d.)",THIS STUDY
ASIR,Receptor,NPR-17,"Harris et al., 2010",http://www.ncbi.nlm.nih.gov/pubmed/20534837
ASIR,Receptor,OCTR-1,"Wragg et al., 2007",http://www.ncbi.nlm.nih.gov/pubmed/18057198
ASIR,Receptor,TYRA-2,"Rex et al., 2005",http://www.ncbi.nlm.nih.gov/pubmed/15953361
ASJL,Receptor,NPR-5,"Cohen et al., 2009",http://www.sciencedirect.com/science/article/pii/S1550413109000412
ASJR,Receptor,NPR-5,"Cohen et al., 2009",http://www.sciencedirect.com/science/article/pii/S1550413109000412
ASKL,Receptor,DOP-3,"Ezak et al., 2010",http://journals.plos.org/plosone/article?id=10.1371/journal.pone.0009487
ASKL,Receptor,NPR-5,"Cohen et al., 2009",http://www.sciencedirect.com/science/article/pii/S1550413109000412
ASKL,Receptor,TYRA-3,"Bendesky et al., 2011",http://www.ncbi.nlm.nih.gov/pmc/articles/PMC3154120/
ASKR,Receptor,DOP-3,"Ezak et al., 2010",http://journals.plos.org/plosone/article?id=10.1371/journal.pone.0009487
ASKR,Receptor,NPR-5,"Cohen et al., 2009",http://www.sciencedirect.com/science/article/pii/S1550413109000412
ASKR,Receptor,TYRA-3,"Bendesky et al., 2011",http://www.ncbi.nlm.nih.gov/pmc/articles/PMC3154120/
AUAL,Receptor,NPR-5,"Cohen et al., 2009",http://www.sciencedirect.com/science/article/pii/S1550413109000412
AUAL,Receptor,TYRA-3,"Bendesky et al., 2011",http://www.ncbi.nlm.nih.gov/pmc/articles/PMC3154120/
AUAR,Receptor,NPR-5,"Cohen et al., 2009",http://www.sciencedirect.com/science/article/pii/S1550413109000412
AUAR,Receptor,TYRA-3,"Bendesky et al., 2011",http://www.ncbi.nlm.nih.gov/pmc/articles/PMC3154120/
AVAL,Receptor,NPR-4,"Cohen et al., 2009",http://www.sciencedirect.com/science/article/pii/S1550413109000412
AVAR,Receptor,NPR-4,"Cohen et al., 2009",http://www.sciencedirect.com/science/article/pii/S1550413109000412
AVBL,Receptor,LGC-55,"Pirri et al., 2009",http://www.ncbi.nlm.nih.gov/pubmed/19477154
AVBR,Receptor,LGC-55,"Pirri et al., 2009",http://www.ncbi.nlm.nih.gov/pubmed/19477154
AVEL,Receptor,FRPR-4,"Nelson et al., 2014",http://journals.plos.org/plosone/article?id=10.1371/journal.pone.0142938
AVER,Receptor,FRPR-4,"Nelson et al., 2014",http://journals.plos.org/plosone/article?id=10.1371/journal.pone.0142938
AVFL,Receptor,DOP-6,"Schafer et al., (n.d.)",THIS STUDY
AVFL,Receptor,LGC-53,"Schafer et al., (n.d.)",THIS STUDY
AVFR,Receptor,DOP-6,"Schafer et al., (n.d.)",THIS STUDY
AVFR,Receptor,LGC-53,"Schafer et al., (n.d.)",THIS STUDY
AVG,Receptor,NPR-17,"Harris et al., 2010",http://www.ncbi.nlm.nih.gov/pubmed/20534837
AVG,Receptor,NTR-2,"Garrison et al., 2012",http://www.ncbi.nlm.nih.gov/pubmed/23112335
AVJL,Receptor,SER-5,"Cunningham et al., 2012",http://www.ncbi.nlm.nih.gov/pubmed/22768843
AVJR,Receptor,SER-5,"Cunningham et al., 2012",http://www.ncbi.nlm.nih.gov/pubmed/22768843
AVL,Receptor,DOP-4,"Sugiura et al., 2005",http://onlinelibrary.wiley.com/doi/10.1111/j.1471-4159.2005.03268.x/full
AVM,Receptor,DOP-1,"Tsalik et al., 2003",http://www.ncbi.nlm.nih.gov/pubmed/14568548
AVM,Receptor,LGC-55,"Ringstad et al., 2009",http://www.ncbi.nlm.nih.gov/pubmed/19574391
AWAL,Receptor,NPR-5,"Cohen et al., 2009",http://www.sciencedirect.com/science/article/pii/S1550413109000412
AWAR,Receptor,NPR-5,"Cohen et al., 2009",http://www.sciencedirect.com/science/article/pii/S1550413109000412
AWBL,Receptor,NPR-5,"Cohen et al., 2009",http://www.sciencedirect.com/science/article/pii/S1550413109000412
AWBL,Receptor,SER-5,"Harris et al., 2009",http://www.ncbi.nlm.nih.gov/pubmed/19193891
AWBL,Receptor,SER-6,"Mills et al., 2012",http://www.ncbi.nlm.nih.gov/pmc/articles/PMC3273394/
AWBR,Receptor,NPR-5,"Cohen et al., 2009",http://www.sciencedirect.com/science/article/pii/S1550413109000412
AWBR,Receptor,SER-5,"Harris et al., 2009",http://www.ncbi.nlm.nih.gov/pubmed/19193891
AWBR,Receptor,SER-6,"Mills et al., 2012",http://www.ncbi.nlm.nih.gov/pmc/articles/PMC3273394/
AWCL,Receptor,TYRA-3,"Bendesky et al., 2011",http://www.ncbi.nlm.nih.gov/pmc/articles/PMC3154120/
AWCR,Receptor,TYRA-3,"Bendesky et al., 2011",http://www.ncbi.nlm.nih.gov/pmc/articles/PMC3154120/
BAGL,Receptor,NPR-4,"Cohen et al., 2009",http://www.sciencedirect.com/science/article/pii/S1550413109000412
BAGL,Receptor,TYRA-3,"Bendesky et al., 2011",http://www.ncbi.nlm.nih.gov/pmc/articles/PMC3154120/
BAGR,Receptor,NPR-4,"Cohen et al., 2009",http://www.sciencedirect.com/science/article/pii/S1550413109000412
BAGR,Receptor,TYRA-3,"Bendesky et al., 2011",http://www.ncbi.nlm.nih.gov/pmc/articles/PMC3154120/
BDUL,Receptor,DOP-5,"Schafer et al., (n.d.)",THIS STUDY
BDUL,Receptor,NPR-4,"Cohen et al., 2009",http://www.sciencedirect.com/science/article/pii/S1550413109000412
BDUL,Receptor,NTR-1,"Beets et al., 2012",http://europepmc.org/abstract/MED/23112336
BDUR,Receptor,DOP-5,"Schafer et al., (n.d.)",THIS STUDY
BDUR,Receptor,NPR-4,"Cohen et al., 2009",http://www.sciencedirect.com/science/article/pii/S1550413109000412
BDUR,Receptor,NTR-1,"Beets et al., 2012",http://europepmc.org/abstract/MED/23112336
CANL,Receptor,DOP-4,"Sugiura et al., 2005",http://onlinelibrary.wiley.com/doi/10.1111/j.1471-4159.2005.03268.x/full
CANL,Receptor,LGC-53,"Schafer et al., (n.d.)",THIS STUDY
CANL,Receptor,TYRA-2,"Rex et al., 2005",http://www.ncbi.nlm.nih.gov/pubmed/15953361
CANR,Receptor,DOP-4,"Sugiura et al., 2005",http://onlinelibrary.wiley.com/doi/10.1111/j.1471-4159.2005.03268.x/full
CANR,Receptor,LGC-53,"Schafer et al., (n.d.)",THIS STUDY
CANR,Receptor,TYRA-2,"Rex et al., 2005",http://www.ncbi.nlm.nih.gov/pubmed/15953361
CEPDL,Receptor,OCTR-1,"Wragg et al., 2007",http://www.ncbi.nlm.nih.gov/pubmed/18057198
CEPDL,Receptor,TYRA-3,"Bendesky et al., 2011",http://www.ncbi.nlm.nih.gov/pmc/articles/PMC3154120/
CEPDR,Receptor,OCTR-1,"Wragg et al., 2007",http://www.ncbi.nlm.nih.gov/pubmed/18057198
CEPDR,Receptor,TYRA-3,"Bendesky et al., 2011",http://www.ncbi.nlm.nih.gov/pmc/articles/PMC3154120/
CEPVL,Receptor,OCTR-1,"Wragg et al., 2007",http://www.ncbi.nlm.nih.gov/pubmed/18057198
CEPVL,Receptor,TYRA-3,"Bendesky et al., 2011",http://www.ncbi.nlm.nih.gov/pmc/articles/PMC3154120/
CEPVR,Receptor,OCTR-1,"Wragg et al., 2007",http://www.ncbi.nlm.nih.gov/pubmed/18057198
CEPVR,Receptor,TYRA-3,"Bendesky et al., 2011",http://www.ncbi.nlm.nih.gov/pmc/articles/PMC3154120/
DA1,Receptor,CKR-2,"Hu et al., 2011",http://www.ncbi.nlm.nih.gov/pubmed/21745640
DA1,Receptor,DOP-1,"Chase et al., 2004",http://www.nature.com/neuro/journal/v7/n10/full/nn1316.html
DA1,Receptor,DOP-3,"Chase et al., 2004",http://www.nature.com/neuro/journal/v7/n10/full/nn1316.html
DA1,Receptor,NPR-3,"Keating et al., 2003",http://www.ncbi.nlm.nih.gov/pubmed/14521838
DA2,Receptor,CKR-2,"Hu et al., 2011",http://www.ncbi.nlm.nih.gov/pubmed/21745640
DA2,Receptor,DOP-1,"Chase et al., 2004",http://www.nature.com/neuro/journal/v7/n10/full/nn1316.html
DA2,Receptor,DOP-3,"Chase et al., 2004",http://www.nature.com/neuro/journal/v7/n10/full/nn1316.html
DA2,Receptor,NPR-3,"Keating et al., 2003",http://www.ncbi.nlm.nih.gov/pubmed/14521838
DA3,Receptor,CKR-2,"Hu et al., 2011",http://www.ncbi.nlm.nih.gov/pubmed/21745640
DA3,Receptor,DOP-1,"Chase et al., 2004",http://www.nature.com/neuro/journal/v7/n10/full/nn1316.html
DA3,Receptor,DOP-3,"Chase et al., 2004",http://www.nature.com/neuro/journal/v7/n10/full/nn1316.html
DA3,Receptor,NPR-3,"Keating et al., 2003",http://www.ncbi.nlm.nih.gov/pubmed/14521838
DA4,Receptor,CKR-2,"Hu et al., 2011",http://www.ncbi.nlm.nih.gov/pubmed/21745640
DA4,Receptor,DOP-1,"Chase et al., 2004",http://www.nature.com/neuro/journal/v7/n10/full/nn1316.html
DA4,Receptor,DOP-3,"Chase et al., 2004",http://www.nature.com/neuro/journal/v7/n10/full/nn1316.html
DA4,Receptor,NPR-3,"Keating et al., 2003",http://www.ncbi.nlm.nih.gov/pubmed/14521838
DA5,Receptor,CKR-2,"Hu et al., 2011",http://www.ncbi.nlm.nih.gov/pubmed/21745640
DA5,Receptor,DOP-1,"Chase et al., 2004",http://www.nature.com/neuro/journal/v7/n10/full/nn1316.html
DA5,Receptor,DOP-3,"Chase et al., 2004",http://www.nature.com/neuro/journal/v7/n10/full/nn1316.html
DA5,Receptor,NPR-3,"Keating et al., 2003",http://www.ncbi.nlm.nih.gov/pubmed/14521838
DA6,Receptor,CKR-2,"Hu et al., 2011",http://www.ncbi.nlm.nih.gov/pubmed/21745640
DA6,Receptor,DOP-1,"Chase et al., 2004",http://www.nature.com/neuro/journal/v7/n10/full/nn1316.html
DA6,Receptor,DOP-3,"Chase et al., 2004",http://www.nature.com/neuro/journal/v7/n10/full/nn1316.html
DA6,Receptor,NPR-3,"Keating et al., 2003",http://www.ncbi.nlm.nih.gov/pubmed/14521838
DA7,Receptor,CKR-2,"Hu et al., 2011",http://www.ncbi.nlm.nih.gov/pubmed/21745640
DA7,Receptor,DOP-1,"Chase et al., 2004",http://www.nature.com/neuro/journal/v7/n10/full/nn1316.html
DA7,Receptor,DOP-3,"Chase et al., 2004",http://www.nature.com/neuro/journal/v7/n10/full/nn1316.html
DA7,Receptor,NPR-3,"Keating et al., 2003",http://www.ncbi.nlm.nih.gov/pubmed/14521838
DA8,Receptor,CKR-2,"Hu et al., 2011",http://www.ncbi.nlm.nih.gov/pubmed/21745640
DA8,Receptor,DOP-1,"Chase et al., 2004",http://www.nature.com/neuro/journal/v7/n10/full/nn1316.html
DA8,Receptor,DOP-3,"Chase et al., 2004",http://www.nature.com/neuro/journal/v7/n10/full/nn1316.html
DA8,Receptor,NPR-3,"Keating et al., 2003",http://www.ncbi.nlm.nih.gov/pubmed/14521838
DA9,Receptor,CKR-2,"Hu et al., 2011",http://www.ncbi.nlm.nih.gov/pubmed/21745640
DA9,Receptor,DOP-1,"Chase et al., 2004",http://www.nature.com/neuro/journal/v7/n10/full/nn1316.html
DA9,Receptor,DOP-3,"Chase et al., 2004",http://www.nature.com/neuro/journal/v7/n10/full/nn1316.html
DA9,Receptor,NPR-3,"Keating et al., 2003",http://www.ncbi.nlm.nih.gov/pubmed/14521838
DB1,Receptor,CKR-2,"Hu et al., 2011",http://www.ncbi.nlm.nih.gov/pubmed/21745640
DB1,Receptor,DOP-1,"Chase et al., 2004",http://www.nature.com/neuro/journal/v7/n10/full/nn1316.html
DB1,Receptor,DOP-3,"Chase et al., 2004",http://www.nature.com/neuro/journal/v7/n10/full/nn1316.html
DB1,Receptor,NPR-3,"Keating et al., 2003",http://www.ncbi.nlm.nih.gov/pubmed/14521838
DB2,Receptor,CKR-2,"Hu et al., 2011",http://www.ncbi.nlm.nih.gov/pubmed/21745640
DB2,Receptor,DOP-1,"Chase et al., 2004",http://www.nature.com/neuro/journal/v7/n10/full/nn1316.html
DB2,Receptor,DOP-3,"Chase et al., 2004",http://www.nature.com/neuro/journal/v7/n10/full/nn1316.html
DB2,Receptor,NPR-3,"Keating et al., 2003",http://www.ncbi.nlm.nih.gov/pubmed/14521838
DB3,Receptor,CKR-2,"Hu et al., 2011",http://www.ncbi.nlm.nih.gov/pubmed/21745640
DB3,Receptor,DOP-1,"Chase et al., 2004",http://www.nature.com/neuro/journal/v7/n10/full/nn1316.html
DB3,Receptor,DOP-3,"Chase et al., 2004",http://www.nature.com/neuro/journal/v7/n10/full/nn1316.html
DB3,Receptor,NPR-3,"Keating et al., 2003",http://www.ncbi.nlm.nih.gov/pubmed/14521838
DB4,Receptor,CKR-2,"Hu et al., 2011",http://www.ncbi.nlm.nih.gov/pubmed/21745640
DB4,Receptor,DOP-1,"Chase et al., 2004",http://www.nature.com/neuro/journal/v7/n10/full/nn1316.html
DB4,Receptor,DOP-3,"Chase et al., 2004",http://www.nature.com/neuro/journal/v7/n10/full/nn1316.html
DB4,Receptor,NPR-3,"Keating et al., 2003",http://www.ncbi.nlm.nih.gov/pubmed/14521838
DB5,Receptor,CKR-2,"Hu et al., 2011",http://www.ncbi.nlm.nih.gov/pubmed/21745640
DB5,Receptor,DOP-1,"Chase et al., 2004",http://www.nature.com/neuro/journal/v7/n10/full/nn1316.html
DB5,Receptor,DOP-3,"Chase et al., 2004",http://www.nature.com/neuro/journal/v7/n10/full/nn1316.html
DB5,Receptor,NPR-3,"Keating et al., 2003",http://www.ncbi.nlm.nih.gov/pubmed/14521838
DB6,Receptor,CKR-2,"Hu et al., 2011",http://www.ncbi.nlm.nih.gov/pubmed/21745640
DB6,Receptor,DOP-1,"Chase et al., 2004",http://www.nature.com/neuro/journal/v7/n10/full/nn1316.html
DB6,Receptor,DOP-3,"Chase et al., 2004",http://www.nature.com/neuro/journal/v7/n10/full/nn1316.html
DB6,Receptor,NPR-3,"Keating et al., 2003",http://www.ncbi.nlm.nih.gov/pubmed/14521838
DB7,Receptor,CKR-2,"Hu et al., 2011",http://www.ncbi.nlm.nih.gov/pubmed/21745640
DB7,Receptor,DOP-1,"Chase et al., 2004",http://www.nature.com/neuro/journal/v7/n10/full/nn1316.html
DB7,Receptor,DOP-3,"Chase et al., 2004",http://www.nature.com/neuro/journal/v7/n10/full/nn1316.html
DB7,Receptor,NPR-3,"Keating et al., 2003",http://www.ncbi.nlm.nih.gov/pubmed/14521838
DD1,Receptor,DOP-3,"Chase et al., 2004",http://www.nature.com/neuro/journal/v7/n10/full/nn1316.html
DD1,Receptor,MOD-1,"Gürel et al., 2012",https://dspace.mit.edu/handle/1721.1/85982
DD1,Receptor,NPR-1,"Coates et al., 2002",http://www.ncbi.nlm.nih.gov/pubmed/12410311
DD2,Receptor,DOP-3,"Chase et al., 2004",http://www.nature.com/neuro/journal/v7/n10/full/nn1316.html
DD2,Receptor,MOD-1,"Gürel et al., 2012",https://dspace.mit.edu/handle/1721.1/85982
DD2,Receptor,NPR-1,"Coates et al., 2002",http://www.ncbi.nlm.nih.gov/pubmed/12410311
DD3,Receptor,DOP-3,"Chase et al., 2004",http://www.nature.com/neuro/journal/v7/n10/full/nn1316.html
DD3,Receptor,MOD-1,"Gürel et al., 2012",https://dspace.mit.edu/handle/1721.1/85982
DD3,Receptor,NPR-1,"Coates et al., 2002",http://www.ncbi.nlm.nih.gov/pubmed/12410311
DD4,Receptor,DOP-3,"Chase et al., 2004",http://www.nature.com/neuro/journal/v7/n10/full/nn1316.html
DD4,Receptor,MOD-1,"Gürel et al., 2012",https://dspace.mit.edu/handle/1721.1/85982
DD4,Receptor,NPR-1,"Coates et al., 2002",http://www.ncbi.nlm.nih.gov/pubmed/12410311
DD5,Receptor,DOP-3,"Chase et al., 2004",http://www.nature.com/neuro/journal/v7/n10/full/nn1316.html
DD5,Receptor,MOD-1,"Gürel et al., 2012",https://dspace.mit.edu/handle/1721.1/85982
DD5,Receptor,NPR-1,"Coates et al., 2002",http://www.ncbi.nlm.nih.gov/pubmed/12410311
DD6,Receptor,DOP-3,"Chase et al., 2004",http://www.nature.com/neuro/journal/v7/n10/full/nn1316.html
DD6,Receptor,MOD-1,"Gürel et al., 2012",https://dspace.mit.edu/handle/1721.1/85982
DD6,Receptor,NPR-1,"Coates et al., 2002",http://www.ncbi.nlm.nih.gov/pubmed/12410311
DVA,Receptor,DOP-5,"Schafer et al., (n.d.)",THIS STUDY
DVA,Receptor,EGL-6,"Ringstad et al., 2008",http://www.nature.com/neuro/journal/v11/n10/full/nn.2186.html
DVA,Receptor,FRPR-4,"Nelson et al., 2014",http://journals.plos.org/plosone/article?id=10.1371/journal.pone.0142938
DVC,Receptor,SER-1,"Dernovici et al., 2007",http://onlinelibrary.wiley.com/doi/10.1002/dneu.20340/abstract
FLPL,Receptor,LGC-53,"Schafer et al., (n.d.)",THIS STUDY
FLPL,Receptor,NPR-2,"Luo et al., 2015",http://www.genetics.org/content/199/2/523
FLPR,Receptor,LGC-53,"Schafer et al., (n.d.)",THIS STUDY
FLPR,Receptor,NPR-2,"Luo et al., 2015",http://www.genetics.org/content/199/2/523
HSNL,Receptor,EGL-6,"Ringstad et al., 2008",http://www.nature.com/neuro/journal/v11/n10/full/nn.2186.html
HSNL,Receptor,LGC-53,"Schafer et al., (n.d.)",THIS STUDY
HSNL,Receptor,LGC-55,"Pirri et al., 2009",http://www.ncbi.nlm.nih.gov/pubmed/19477154
HSNR,Receptor,EGL-6,"Ringstad et al., 2008",http://www.nature.com/neuro/journal/v11/n10/full/nn.2186.html
HSNR,Receptor,LGC-53,"Schafer et al., (n.d.)",THIS STUDY
HSNR,Receptor,LGC-55,"Pirri et al., 2009",http://www.ncbi.nlm.nih.gov/pubmed/19477154
I1L,Receptor,DOP-4,"Sugiura et al., 2005",http://onlinelibrary.wiley.com/doi/10.1111/j.1471-4159.2005.03268.x/full
I1L,Receptor,FRPR-4,"Nelson et al., 2014",http://journals.plos.org/plosone/article?id=10.1371/journal.pone.0142938
I1L,Receptor,PDFR-1,"Janssen et al., 2008",http://www.ncbi.nlm.nih.gov/pubmed/18390545
I1R,Receptor,DOP-4,"Sugiura et al., 2005",http://onlinelibrary.wiley.com/doi/10.1111/j.1471-4159.2005.03268.x/full
I1R,Receptor,FRPR-4,"Nelson et al., 2014",http://journals.plos.org/plosone/article?id=10.1371/journal.pone.0142938
I1R,Receptor,PDFR-1,"Janssen et al., 2008",http://www.ncbi.nlm.nih.gov/pubmed/18390545
I2L,Receptor,DOP-4,"Sugiura et al., 2005",http://onlinelibrary.wiley.com/doi/10.1111/j.1471-4159.2005.03268.x/full
I2L,Receptor,NTR-1,"Garrison et al., 2012",http://www.ncbi.nlm.nih.gov/pubmed/23112335
I2L,Receptor,SER-7,"Hobson et al., 2006",http://www.ncbi.nlm.nih.gov/pubmed/16204223
I2R,Receptor,DOP-4,"Sugiura et al., 2005",http://onlinelibrary.wiley.com/doi/10.1111/j.1471-4159.2005.03268.x/full
I2R,Receptor,NTR-1,"Garrison et al., 2012",http://www.ncbi.nlm.nih.gov/pubmed/23112335
I2R,Receptor,SER-7,"Hobson et al., 2006",http://www.ncbi.nlm.nih.gov/pubmed/16204223
I3,Receptor,SER-7,"Hobson et al., 2006",http://www.ncbi.nlm.nih.gov/pubmed/16204223
I4,Receptor,SER-7,"Hobson et al., 2006",http://www.ncbi.nlm.nih.gov/pubmed/16204223
I6,Receptor,SER-7,"Hobson et al., 2006",http://www.ncbi.nlm.nih.gov/pubmed/16204223
IL1DL,Receptor,LGC-55,"Pirri et al., 2009",http://www.ncbi.nlm.nih.gov/pubmed/19477154
IL1DR,Receptor,LGC-55,"Pirri et al., 2009",http://www.ncbi.nlm.nih.gov/pubmed/19477154
IL1L,Receptor,LGC-55,"Pirri et al., 2009",http://www.ncbi.nlm.nih.gov/pubmed/19477154
IL1R,Receptor,LGC-55,"Pirri et al., 2009",http://www.ncbi.nlm.nih.gov/pubmed/19477154
IL1VL,Receptor,LGC-55,"Pirri et al., 2009",http://www.ncbi.nlm.nih.gov/pubmed/19477154
IL1VR,Receptor,LGC-55,"Pirri et al., 2009",http://www.ncbi.nlm.nih.gov/pubmed/19477154
IL2DL,Receptor,DOP-6,"Schafer et al., (n.d.)",THIS STUDY
IL2DL,Receptor,LGC-53,"Schafer et al., (n.d.)",THIS STUDY
IL2DL,Receptor,NPR-5,"Cohen et al., 2009",http://www.sciencedirect.com/science/article/pii/S1550413109000412
IL2DR,Receptor,DOP-6,"Schafer et al., (n.d.)",THIS STUDY
IL2DR,Receptor,LGC-53,"Schafer et al., (n.d.)",THIS STUDY
IL2DR,Receptor,NPR-5,"Cohen et al., 2009",http://www.sciencedirect.com/science/article/pii/S1550413109000412
IL2L,Receptor,DOP-6,"Schafer et al., (n.d.)",THIS STUDY
IL2L,Receptor,LGC-53,"Schafer et al., (n.d.)",THIS STUDY
IL2L,Receptor,NPR-5,"Cohen et al., 2009",http://www.sciencedirect.com/science/article/pii/S1550413109000412
IL2R,Receptor,DOP-6,"Schafer et al., (n.d.)",THIS STUDY
IL2R,Receptor,LGC-53,"Schafer et al., (n.d.)",THIS STUDY
IL2R,Receptor,NPR-5,"Cohen et al., 2009",http://www.sciencedirect.com/science/article/pii/S1550413109000412
IL2VL,Receptor,DOP-6,"Schafer et al., (n.d.)",THIS STUDY
IL2VL,Receptor,LGC-53,"Schafer et al., (n.d.)",THIS STUDY
IL2VL,Receptor,NPR-5,"Cohen et al., 2009",http://www.sciencedirect.com/science/article/pii/S1550413109000412
IL2VR,Receptor,DOP-6,"Schafer et al., (n.d.)",THIS STUDY
IL2VR,Receptor,LGC-53,"Schafer et al., (n.d.)",THIS STUDY
IL2VR,Receptor,NPR-5,"Cohen et al., 2009",http://www.sciencedirect.com/science/article/pii/S1550413109000412
M1,Receptor,SER-4,"Shyn et al., 2003",http://www2.mrc-lmb.cam.ac.uk/groups/wschafer/Cregg_thesis.pdf
M2L,Receptor,SER-7,"Hobson et al., 2006",http://www.ncbi.nlm.nih.gov/pubmed/16204223
M2R,Receptor,SER-7,"Hobson et al., 2006",http://www.ncbi.nlm.nih.gov/pubmed/16204223
M3L,Receptor,SER-7,"Hobson et al., 2006",http://www.ncbi.nlm.nih.gov/pubmed/16204223
M3R,Receptor,SER-7,"Hobson et al., 2006",http://www.ncbi.nlm.nih.gov/pubmed/16204223
M4,Receptor,SER-7,"Hobson et al., 2006",http://www.ncbi.nlm.nih.gov/pubmed/16204223
M5,Receptor,DOP-5,"Schafer et al., (n.d.)",THIS STUDY
M5,Receptor,SER-7,"Hobson et al., 2006",http://www.ncbi.nlm.nih.gov/pubmed/16204223
MCL,Receptor,SER-7,"Hobson et al., 2006",http://www.ncbi.nlm.nih.gov/pubmed/16204223
MCL,Receptor,TYRA-2,"Rex et al., 2005",http://www.ncbi.nlm.nih.gov/pubmed/15953361
MCR,Receptor,SER-7,"Hobson et al., 2006",http://www.ncbi.nlm.nih.gov/pubmed/16204223
MCR,Receptor,TYRA-2,"Rex et al., 2005",http://www.ncbi.nlm.nih.gov/pubmed/15953361
MI,Receptor,DOP-5,"Schafer et al., (n.d.)",THIS STUDY
NSML,Receptor,DOP-3,"Zhang et al., 2014",http://www.ncbi.nlm.nih.gov/pubmed/24353061
NSML,Receptor,SER-4,"Gürel et al., 2012",https://dspace.mit.edu/handle/1721.1/85982
NSML,Receptor,TYRA-2,"Rex et al., 2005",http://www.ncbi.nlm.nih.gov/pubmed/15953361
NSMR,Receptor,DOP-3,"Zhang et al., 2014",http://www.ncbi.nlm.nih.gov/pubmed/24353061
NSMR,Receptor,SER-4,"Gürel et al., 2012",https://dspace.mit.edu/handle/1721.1/85982
NSMR,Receptor,TYRA-2,"Rex et al., 2005",http://www.ncbi.nlm.nih.gov/pubmed/15953361
OLLL,Receptor,DOP-6,"Smith et al., 2010",http://www.ncbi.nlm.nih.gov/pubmed/20537990
OLLR,Receptor,DOP-6,"Smith et al., 2010",http://www.ncbi.nlm.nih.gov/pubmed/20537990
OLQDL,Receptor,NPR-2,"Luo et al., 2015",http://www.genetics.org/content/199/2/523
OLQDL,Receptor,PDFR-1,"Janssen et al., 2008",http://www.ncbi.nlm.nih.gov/pubmed/18390545
OLQDL,Receptor,TYRA-3,"Bendesky et al., 2011",http://www.ncbi.nlm.nih.gov/pmc/articles/PMC3154120/
OLQDR,Receptor,NPR-2,"Luo et al., 2015",http://www.genetics.org/content/199/2/523
OLQDR,Receptor,PDFR-1,"Janssen et al., 2008",http://www.ncbi.nlm.nih.gov/pubmed/18390545
OLQDR,Receptor,TYRA-3,"Bendesky et al., 2011",http://www.ncbi.nlm.nih.gov/pmc/articles/PMC3154120/
OLQVL,Receptor,NPR-2,"Luo et al., 2015",http://www.genetics.org/content/199/2/523
OLQVL,Receptor,PDFR-1,"Janssen et al., 2008",http://www.ncbi.nlm.nih.gov/pubmed/18390545
OLQVL,Receptor,TYRA-3,"Bendesky et al., 2011",http://www.ncbi.nlm.nih.gov/pmc/articles/PMC3154120/
OLQVR,Receptor,NPR-2,"Luo et al., 2015",http://www.genetics.org/content/199/2/523
OLQVR,Receptor,PDFR-1,"Janssen et al., 2008",http://www.ncbi.nlm.nih.gov/pubmed/18390545
OLQVR,Receptor,TYRA-3,"Bendesky et al., 2011",http://www.ncbi.nlm.nih.gov/pmc/articles/PMC3154120/
PDA,Receptor,DOP-2,"Tsalik et al., 2003",http://www.ncbi.nlm.nih.gov/pubmed/14568548
PDA,Receptor,SER-2,"Rex et al., 2004",http://www.ncbi.nlm.nih.gov/pubmed/15569254
PHAL,Receptor,DOP-5,"Schafer et al., (n.d.)",THIS STUDY
PHAL,Receptor,DOP-6,"Schafer et al., (n.d.)",THIS STUDY
PHAL,Receptor,NPR-5,"Cohen et al., 2009",http://www.sciencedirect.com/science/article/pii/S1550413109000412
PHAL,Receptor,SER-3,"Suo et al., 2006",http://www.jneurosci.org/content/26/40/10082.full
PHAR,Receptor,DOP-5,"Schafer et al., (n.d.)",THIS STUDY
PHAR,Receptor,DOP-6,"Schafer et al., (n.d.)",THIS STUDY
PHAR,Receptor,NPR-5,"Cohen et al., 2009",http://www.sciencedirect.com/science/article/pii/S1550413109000412
PHAR,Receptor,SER-3,"Suo et al., 2006",http://www.jneurosci.org/content/26/40/10082.full
PHBL,Receptor,DOP-5,"Schafer et al., (n.d.)",THIS STUDY
PHBL,Receptor,NPR-5,"Cohen et al., 2009",http://www.sciencedirect.com/science/article/pii/S1550413109000412
PHBL,Receptor,PDFR-1,"Janssen et al., 2008",http://www.ncbi.nlm.nih.gov/pubmed/18390545
PHBL,Receptor,SER-3,"Suo et al., 2006",http://www.jneurosci.org/content/26/40/10082.full
PHBR,Receptor,DOP-5,"Schafer et al., (n.d.)",THIS STUDY
PHBR,Receptor,NPR-5,"Cohen et al., 2009",http://www.sciencedirect.com/science/article/pii/S1550413109000412
PHBR,Receptor,PDFR-1,"Janssen et al., 2008",http://www.ncbi.nlm.nih.gov/pubmed/18390545
PHBR,Receptor,SER-3,"Suo et al., 2006",http://www.jneurosci.org/content/26/40/10082.full
PQR,Receptor,DOP-4,"Sugiura et al., 2005",http://onlinelibrary.wiley.com/doi/10.1111/j.1471-4159.2005.03268.x/full
PQR,Receptor,NPR-17,"Harris et al., 2010",http://www.ncbi.nlm.nih.gov/pubmed/20534837
PQR,Receptor,NPR-4,"Cohen et al., 2009",http://www.sciencedirect.com/science/article/pii/S1550413109000412
PQR,Receptor,NTR-1,"Beets et al., 2012",http://europepmc.org/abstract/MED/23112336
PQR,Receptor,NTR-2,"Beets et al., 2012",http://europepmc.org/abstract/MED/23112336
PVCL,Receptor,SER-2,"Tsalik et al., 2003",http://www.ncbi.nlm.nih.gov/pubmed/14568548
PVCR,Receptor,SER-2,"Tsalik et al., 2003",http://www.ncbi.nlm.nih.gov/pubmed/14568548
PVDL,Receptor,DOP-1,"Chase et al., 2004",http://www.nature.com/neuro/journal/v7/n10/full/nn1316.html
PVDL,Receptor,DOP-3,"Chase et al., 2004",http://www.nature.com/neuro/journal/v7/n10/full/nn1316.html
PVDL,Receptor,LGC-53,"Schafer et al., (n.d.)",THIS STUDY
PVDL,Receptor,NPR-2,"Luo et al., 2015",http://www.genetics.org/content/199/2/523
PVDL,Receptor,TYRA-2,"Rex et al., 2005",http://www.ncbi.nlm.nih.gov/pubmed/15953361
PVDR,Receptor,DOP-1,"Chase et al., 2004",http://www.nature.com/neuro/journal/v7/n10/full/nn1316.html
PVDR,Receptor,DOP-3,"Chase et al., 2004",http://www.nature.com/neuro/journal/v7/n10/full/nn1316.html
PVDR,Receptor,LGC-53,"Schafer et al., (n.d.)",THIS STUDY
PVDR,Receptor,NPR-2,"Luo et al., 2015",http://www.genetics.org/content/199/2/523
PVDR,Receptor,TYRA-2,"Rex et al., 2005",http://www.ncbi.nlm.nih.gov/pubmed/15953361
PVM,Receptor,FRPR-4,"Nelson et al., 2014",http://journals.plos.org/plosone/article?id=10.1371/journal.pone.0142938
PVPL,Receptor,NPR-17,"Harris et al., 2010",http://www.ncbi.nlm.nih.gov/pubmed/20534837
PVPL,Receptor,NTR-2,"Garrison et al., 2012",http://www.ncbi.nlm.nih.gov/pubmed/23112335
PVPR,Receptor,LGC-53,"Schafer et al., (n.d.)",THIS STUDY
PVPR,Receptor,NPR-17,"Harris et al., 2010",http://www.ncbi.nlm.nih.gov/pubmed/20534837
PVPR,Receptor,NTR-2,"Garrison et al., 2012",http://www.ncbi.nlm.nih.gov/pubmed/23112335
PVQL,Receptor,DOP-6,"Schafer et al., (n.d.)",THIS STUDY
PVQL,Receptor,NPR-17,"Harris et al., 2010",http://www.ncbi.nlm.nih.gov/pubmed/20534837
PVQL,Receptor,NPR-2,"Luo et al., 2015",http://www.genetics.org/content/199/2/523
PVQL,Receptor,NTR-1,"Garrison et al., 2012",http://www.ncbi.nlm.nih.gov/pubmed/23112335
PVQL,Receptor,NTR-2,"Garrison et al., 2012",http://www.ncbi.nlm.nih.gov/pubmed/23112335
PVQL,Receptor,SER-3,"Suo et al., 2006",http://www.jneurosci.org/content/26/40/10082.full
PVQR,Receptor,DOP-6,"Schafer et al., (n.d.)",THIS STUDY
PVQR,Receptor,NPR-17,"Harris et al., 2010",http://www.ncbi.nlm.nih.gov/pubmed/20534837
PVQR,Receptor,NPR-2,"Luo et al., 2015",http://www.genetics.org/content/199/2/523
PVQR,Receptor,NTR-1,"Garrison et al., 2012",http://www.ncbi.nlm.nih.gov/pubmed/23112335
PVQR,Receptor,NTR-2,"Garrison et al., 2012",http://www.ncbi.nlm.nih.gov/pubmed/23112335
PVQR,Receptor,SER-3,"Suo et al., 2006",http://www.jneurosci.org/content/26/40/10082.full
PVR,Receptor,NTR-1,"Garrison et al., 2012",http://www.ncbi.nlm.nih.gov/pubmed/23112335
PVR,Receptor,NTR-2,"Garrison et al., 2012",http://www.ncbi.nlm.nih.gov/pubmed/23112335
PVT,Receptor,DOP-5,"Schafer et al., (n.d.)",THIS STUDY
PVT,Receptor,TYRA-3,"Hunt-Newbury et al., 2007",http://journals.plos.org/plosbiology/article?id=10.1371/journal.pbio.0050237
PVWL,Receptor,NTR-1,"Garrison et al., 2012",http://www.ncbi.nlm.nih.gov/pubmed/23112335
PVWL,Receptor,NTR-2,"Garrison et al., 2012",http://www.ncbi.nlm.nih.gov/pubmed/23112335
PVWR,Receptor,NTR-1,"Garrison et al., 2012",http://www.ncbi.nlm.nih.gov/pubmed/23112335
PVWR,Receptor,NTR-2,"Garrison et al., 2012",http://www.ncbi.nlm.nih.gov/pubmed/23112335
RIAL,Receptor,DOP-2,"Tsalik et al., 2003",http://www.ncbi.nlm.nih.gov/pubmed/14568548
RIAL,Receptor,FRPR-4,"Nelson et al., 2014",http://journals.plos.org/plosone/article?id=10.1371/journal.pone.0142938
RIAL,Receptor,SER-2,"Tsalik et al., 2003",http://www.ncbi.nlm.nih.gov/pubmed/14568548
RIAR,Receptor,DOP-2,"Tsalik et al., 2003",http://www.ncbi.nlm.nih.gov/pubmed/14568548
RIAR,Receptor,FRPR-4,"Nelson et al., 2014",http://journals.plos.org/plosone/article?id=10.1371/journal.pone.0142938
RIAR,Receptor,SER-2,"Tsalik et al., 2003",http://www.ncbi.nlm.nih.gov/pubmed/14568548
RIBL,Receptor,DOP-1,"Sanyal et al., 2004",http://www.ncbi.nlm.nih.gov/pubmed/14739932
RIBL,Receptor,DOP-5,"Schafer et al., (n.d.)",THIS STUDY
RIBL,Receptor,DOP-6,"Schafer et al., (n.d.)",THIS STUDY
RIBL,Receptor,SER-4,"Tsalik et al., 2003",http://www.ncbi.nlm.nih.gov/pubmed/14568548
RIBR,Receptor,DOP-1,"Sanyal et al., 2004",http://www.ncbi.nlm.nih.gov/pubmed/14739932
RIBR,Receptor,DOP-5,"Schafer et al., (n.d.)",THIS STUDY
RIBR,Receptor,DOP-6,"Schafer et al., (n.d.)",THIS STUDY
RIBR,Receptor,SER-4,"Tsalik et al., 2003",http://www.ncbi.nlm.nih.gov/pubmed/14568548
RICL,Receptor,DOP-3,"Suo et al., 2009",http://europepmc.org/abstract/MED/19609300
RICL,Receptor,MOD-1,"Li et al., 2012",http://www.nature.com/ncomms/journal/v3/n4/full/ncomms1780.html?WT.ec_id=NCOMMS-20120410
RICL,Receptor,NTR-1,"Garrison et al., 2012",http://www.ncbi.nlm.nih.gov/pubmed/23112335
RICL,Receptor,SER-2,"Tsalik et al., 2003",http://www.ncbi.nlm.nih.gov/pubmed/14568548
RICL,Receptor,SER-6,"Yoshida et al., 2014",http://onlinelibrary.wiley.com/doi/10.1002/jnr.23345/abstract
RICR,Receptor,DOP-3,"Suo et al., 2009",http://europepmc.org/abstract/MED/19609300
RICR,Receptor,MOD-1,"Li et al., 2012",http://www.nature.com/ncomms/journal/v3/n4/full/ncomms1780.html?WT.ec_id=NCOMMS-20120410
RICR,Receptor,NTR-1,"Garrison et al., 2012",http://www.ncbi.nlm.nih.gov/pubmed/23112335
RICR,Receptor,SER-2,"Tsalik et al., 2003",http://www.ncbi.nlm.nih.gov/pubmed/14568548
RICR,Receptor,SER-6,"Yoshida et al., 2014",http://onlinelibrary.wiley.com/doi/10.1002/jnr.23345/abstract
RID,Receptor,DOP-2,"Tsalik et al., 2003",http://www.ncbi.nlm.nih.gov/pubmed/14568548
RID,Receptor,MOD-1,"Li et al., 2012",http://www.nature.com/ncomms/journal/v3/n4/full/ncomms1780.html?WT.ec_id=NCOMMS-20120410
RID,Receptor,SER-2,"Tsalik et al., 2003",http://www.ncbi.nlm.nih.gov/pubmed/14568548
RIFL,Receptor,NTR-2,"Garrison et al., 2012",http://www.ncbi.nlm.nih.gov/pubmed/23112335
RIFR,Receptor,NTR-2,"Garrison et al., 2012",http://www.ncbi.nlm.nih.gov/pubmed/23112335
RIGL,Receptor,NPR-1,"Coates et al., 2002",http://www.ncbi.nlm.nih.gov/pubmed/12410311
RIGR,Receptor,NPR-1,"Coates et al., 2002",http://www.ncbi.nlm.nih.gov/pubmed/12410311
RIH,Receptor,DOP-6,"Schafer et al., (n.d.)",THIS STUDY
RIML,Receptor,DOP-1,"Sanyal et al., 2004",http://www.ncbi.nlm.nih.gov/pubmed/14739932
RIML,Receptor,MOD-1,"Li et al., 2012",http://www.nature.com/ncomms/journal/v3/n4/full/ncomms1780.html?WT.ec_id=NCOMMS-20120410
RIML,Receptor,SER-4,"Shyn et al., 2003",http://www2.mrc-lmb.cam.ac.uk/groups/wschafer/Cregg_thesis.pdf
RIMR,Receptor,DOP-1,"Sanyal et al., 2004",http://www.ncbi.nlm.nih.gov/pubmed/14739932
RIMR,Receptor,MOD-1,"Li et al., 2012",http://www.nature.com/ncomms/journal/v3/n4/full/ncomms1780.html?WT.ec_id=NCOMMS-20120410
RIMR,Receptor,SER-4,"Shyn et al., 2003",http://www2.mrc-lmb.cam.ac.uk/groups/wschafer/Cregg_thesis.pdf
RIVL,Receptor,NPR-1,"Coates et al., 2002",http://www.ncbi.nlm.nih.gov/pubmed/12410311
RIVL,Receptor,NPR-4,"Cohen et al., 2009",http://www.sciencedirect.com/science/article/pii/S1550413109000412
RIVR,Receptor,NPR-1,"Coates et al., 2002",http://www.ncbi.nlm.nih.gov/pubmed/12410311
RIVR,Receptor,NPR-4,"Cohen et al., 2009",http://www.sciencedirect.com/science/article/pii/S1550413109000412
RMDDL,Receptor,LGC-55,"Pirri et al., 2009",http://www.ncbi.nlm.nih.gov/pubmed/19477154
RMDDL,Receptor,SER-1,"Xiao et al., 2006",http://www.ncbi.nlm.nih.gov/pubmed/16890216
RMDDR,Receptor,LGC-55,"Pirri et al., 2009",http://www.ncbi.nlm.nih.gov/pubmed/19477154
RMDDR,Receptor,SER-1,"Xiao et al., 2006",http://www.ncbi.nlm.nih.gov/pubmed/16890216
RMDL,Receptor,LGC-55,"Pirri et al., 2009",http://www.ncbi.nlm.nih.gov/pubmed/19477154
RMDL,Receptor,SER-1,"Xiao et al., 2006",http://www.ncbi.nlm.nih.gov/pubmed/16890216
RMDR,Receptor,LGC-55,"Pirri et al., 2009",http://www.ncbi.nlm.nih.gov/pubmed/19477154
RMDR,Receptor,SER-1,"Xiao et al., 2006",http://www.ncbi.nlm.nih.gov/pubmed/16890216
RMDVL,Receptor,LGC-55,"Pirri et al., 2009",http://www.ncbi.nlm.nih.gov/pubmed/19477154
RMDVL,Receptor,SER-1,"Xiao et al., 2006",http://www.ncbi.nlm.nih.gov/pubmed/16890216
RMDVR,Receptor,LGC-55,"Pirri et al., 2009",http://www.ncbi.nlm.nih.gov/pubmed/19477154
RMDVR,Receptor,SER-1,"Xiao et al., 2006",http://www.ncbi.nlm.nih.gov/pubmed/16890216
RMED,Receptor,MOD-1,"Gürel et al., 2012",https://dspace.mit.edu/handle/1721.1/85982
RMED,Receptor,NTR-2,"Garrison et al., 2012",http://www.ncbi.nlm.nih.gov/pubmed/23112335
RMEL,Receptor,MOD-1,"Gürel et al., 2012",https://dspace.mit.edu/handle/1721.1/85982
RMEL,Receptor,NTR-2,"Garrison et al., 2012",http://www.ncbi.nlm.nih.gov/pubmed/23112335
RMER,Receptor,MOD-1,"Gürel et al., 2012",https://dspace.mit.edu/handle/1721.1/85982
RMER,Receptor,NTR-2,"Garrison et al., 2012",http://www.ncbi.nlm.nih.gov/pubmed/23112335
RMEV,Receptor,MOD-1,"Gürel et al., 2012",https://dspace.mit.edu/handle/1721.1/85982
RMEV,Receptor,NTR-2,"Garrison et al., 2012",http://www.ncbi.nlm.nih.gov/pubmed/23112335
RMFL,Receptor,SER-1,"Xiao et al., 2006",http://www.ncbi.nlm.nih.gov/pubmed/16890216
RMFR,Receptor,SER-1,"Xiao et al., 2006",http://www.ncbi.nlm.nih.gov/pubmed/16890216
RMGL,Receptor,NPR-1,"Coates et al., 2002",http://www.ncbi.nlm.nih.gov/pubmed/12410311
RMGR,Receptor,NPR-1,"Coates et al., 2002",http://www.ncbi.nlm.nih.gov/pubmed/12410311
RMHL,Receptor,SER-1,"Xiao et al., 2006",http://www.ncbi.nlm.nih.gov/pubmed/16890216
RMHR,Receptor,SER-1,"Xiao et al., 2006",http://www.ncbi.nlm.nih.gov/pubmed/16890216
SAADL,Receptor,NPR-1,"Coates et al., 2002",http://www.ncbi.nlm.nih.gov/pubmed/12410311
SAADR,Receptor,NPR-1,"Coates et al., 2002",http://www.ncbi.nlm.nih.gov/pubmed/12410311
SAB,Receptor,NPR-2,"Luo et al., 2015",http://www.genetics.org/content/199/2/523
SAB,Receptor,SER-2,"Tsalik et al., 2003",http://www.ncbi.nlm.nih.gov/pubmed/14568548
SDQL,Receptor,EGL-6,"Ringstad et al., 2008",http://www.nature.com/neuro/journal/v11/n10/full/nn.2186.html
SDQL,Receptor,LGC-55,"Pirri et al., 2009",http://www.ncbi.nlm.nih.gov/pubmed/19477154
SDQL,Receptor,NPR-1,"Coates et al., 2002",http://www.ncbi.nlm.nih.gov/pubmed/12410311
SDQL,Receptor,SER-2,"Tsalik et al., 2003",http://www.ncbi.nlm.nih.gov/pubmed/14568548
SDQL,Receptor,TYRA-3,"Bendesky et al., 2011",http://www.ncbi.nlm.nih.gov/pmc/articles/PMC3154120/
SDQR,Receptor,EGL-6,"Ringstad et al., 2008",http://www.nature.com/neuro/journal/v11/n10/full/nn.2186.html
SDQR,Receptor,LGC-55,"Pirri et al., 2009",http://www.ncbi.nlm.nih.gov/pubmed/19477154
SDQR,Receptor,NPR-1,"Coates et al., 2002",http://www.ncbi.nlm.nih.gov/pubmed/12410311
SDQR,Receptor,SER-2,"Tsalik et al., 2003",http://www.ncbi.nlm.nih.gov/pubmed/14568548
SDQR,Receptor,TYRA-3,"Bendesky et al., 2011",http://www.ncbi.nlm.nih.gov/pmc/articles/PMC3154120/
SIADL,Receptor,DOP-2,"Tsalik et al., 2003",http://www.ncbi.nlm.nih.gov/pubmed/14568548
SIADL,Receptor,DOP-3,"Suo et al., 2009",http://europepmc.org/abstract/MED/19609300
SIADL,Receptor,SER-2,"Tsalik et al., 2003",http://www.ncbi.nlm.nih.gov/pubmed/14568548
SIADL,Receptor,SER-3,"Suo et al., 2006",http://www.jneurosci.org/content/26/40/10082.full
SIADL,Receptor,SER-6,"Yoshida et al., 2014",http://onlinelibrary.wiley.com/doi/10.1002/jnr.23345/abstract
SIADR,Receptor,DOP-2,"Tsalik et al., 2003",http://www.ncbi.nlm.nih.gov/pubmed/14568548
SIADR,Receptor,DOP-3,"Suo et al., 2009",http://europepmc.org/abstract/MED/19609300
SIADR,Receptor,SER-2,"Tsalik et al., 2003",http://www.ncbi.nlm.nih.gov/pubmed/14568548
SIADR,Receptor,SER-3,"Suo et al., 2006",http://www.jneurosci.org/content/26/40/10082.full
SIADR,Receptor,SER-6,"Yoshida et al., 2014",http://onlinelibrary.wiley.com/doi/10.1002/jnr.23345/abstract
SIAVL,Receptor,DOP-2,"Tsalik et al., 2003",http://www.ncbi.nlm.nih.gov/pubmed/14568548
SIAVL,Receptor,DOP-3,"Suo et al., 2009",http://europepmc.org/abstract/MED/19609300
SIAVL,Receptor,SER-2,"Tsalik et al., 2003",http://www.ncbi.nlm.nih.gov/pubmed/14568548
SIAVL,Receptor,SER-3,"Suo et al., 2006",http://www.jneurosci.org/content/26/40/10082.full
SIAVL,Receptor,SER-6,"Yoshida et al., 2014",http://onlinelibrary.wiley.com/doi/10.1002/jnr.23345/abstract
SIAVR,Receptor,DOP-2,"Tsalik et al., 2003",http://www.ncbi.nlm.nih.gov/pubmed/14568548
SIAVR,Receptor,DOP-3,"Suo et al., 2009",http://europepmc.org/abstract/MED/19609300
SIAVR,Receptor,SER-2,"Tsalik et al., 2003",http://www.ncbi.nlm.nih.gov/pubmed/14568548
SIAVR,Receptor,SER-3,"Suo et al., 2006",http://www.jneurosci.org/content/26/40/10082.full
SIAVR,Receptor,SER-6,"Yoshida et al., 2014",http://onlinelibrary.wiley.com/doi/10.1002/jnr.23345/abstract
SIBDL,Receptor,DOP-2,"Tsalik et al., 2003",http://www.ncbi.nlm.nih.gov/pubmed/14568548
SIBDR,Receptor,DOP-2,"Tsalik et al., 2003",http://www.ncbi.nlm.nih.gov/pubmed/14568548
SIBVL,Receptor,DOP-2,"Tsalik et al., 2003",http://www.ncbi.nlm.nih.gov/pubmed/14568548
SIBVR,Receptor,DOP-2,"Tsalik et al., 2003",http://www.ncbi.nlm.nih.gov/pubmed/14568548
SMBDL,Receptor,NPR-1,"Coates et al., 2002",http://www.ncbi.nlm.nih.gov/pubmed/12410311
SMBDR,Receptor,NPR-1,"Coates et al., 2002",http://www.ncbi.nlm.nih.gov/pubmed/12410311
SMDDL,Receptor,LGC-55,"Pirri et al., 2009",http://www.ncbi.nlm.nih.gov/pubmed/19477154
SMDDL,Receptor,NTR-2,"Garrison et al., 2012",http://www.ncbi.nlm.nih.gov/pubmed/23112335
SMDDR,Receptor,LGC-55,"Pirri et al., 2009",http://www.ncbi.nlm.nih.gov/pubmed/19477154
SMDDR,Receptor,NTR-2,"Garrison et al., 2012",http://www.ncbi.nlm.nih.gov/pubmed/23112335
SMDVL,Receptor,LGC-55,"Pirri et al., 2009",http://www.ncbi.nlm.nih.gov/pubmed/19477154
SMDVL,Receptor,NTR-2,"Garrison et al., 2012",http://www.ncbi.nlm.nih.gov/pubmed/23112335
SMDVR,Receptor,LGC-55,"Pirri et al., 2009",http://www.ncbi.nlm.nih.gov/pubmed/19477154
SMDVR,Receptor,NTR-2,"Garrison et al., 2012",http://www.ncbi.nlm.nih.gov/pubmed/23112335
URADL,Receptor,DOP-6,"Schafer et al., (n.d.)",THIS STUDY
URADR,Receptor,DOP-6,"Schafer et al., (n.d.)",THIS STUDY
URAVL,Receptor,DOP-6,"Schafer et al., (n.d.)",THIS STUDY
URAVR,Receptor,DOP-6,"Schafer et al., (n.d.)",THIS STUDY
URXL,Receptor,DOP-6,"Schafer et al., (n.d.)",THIS STUDY
URXR,Receptor,DOP-6,"Schafer et al., (n.d.)",THIS STUDY
URYDL,Receptor,LGC-53,"Schafer et al., (n.d.)",THIS STUDY
URYDR,Receptor,LGC-53,"Schafer et al., (n.d.)",THIS STUDY
URYVL,Receptor,LGC-53,"Schafer et al., (n.d.)",THIS STUDY
URYVR,Receptor,LGC-53,"Schafer et al., (n.d.)",THIS STUDY
VA1,Receptor,CKR-2,"Hu et al., 2011",http://www.ncbi.nlm.nih.gov/pubmed/21745640
VA1,Receptor,DOP-1,"Chase et al., 2004",http://www.nature.com/neuro/journal/v7/n10/full/nn1316.html
VA1,Receptor,DOP-3,"Chase et al., 2004",http://www.nature.com/neuro/journal/v7/n10/full/nn1316.html
VA1,Receptor,LGC-53,"Schafer et al., (n.d.)",THIS STUDY
VA1,Receptor,NPR-3,"Keating et al., 2003",http://www.ncbi.nlm.nih.gov/pubmed/14521838
VA10,Receptor,CKR-2,"Hu et al., 2011",http://www.ncbi.nlm.nih.gov/pubmed/21745640
VA10,Receptor,DOP-1,"Chase et al., 2004",http://www.nature.com/neuro/journal/v7/n10/full/nn1316.html
VA10,Receptor,DOP-3,"Chase et al., 2004",http://www.nature.com/neuro/journal/v7/n10/full/nn1316.html
VA10,Receptor,LGC-53,"Schafer et al., (n.d.)",THIS STUDY
VA10,Receptor,NPR-3,"Keating et al., 2003",http://www.ncbi.nlm.nih.gov/pubmed/14521838
VA11,Receptor,CKR-2,"Hu et al., 2011",http://www.ncbi.nlm.nih.gov/pubmed/21745640
VA11,Receptor,DOP-1,"Chase et al., 2004",http://www.nature.com/neuro/journal/v7/n10/full/nn1316.html
VA11,Receptor,DOP-3,"Chase et al., 2004",http://www.nature.com/neuro/journal/v7/n10/full/nn1316.html
VA11,Receptor,LGC-53,"Schafer et al., (n.d.)",THIS STUDY
VA11,Receptor,NPR-3,"Keating et al., 2003",http://www.ncbi.nlm.nih.gov/pubmed/14521838
VA12,Receptor,CKR-2,"Hu et al., 2011",http://www.ncbi.nlm.nih.gov/pubmed/21745640
VA12,Receptor,DOP-1,"Chase et al., 2004",http://www.nature.com/neuro/journal/v7/n10/full/nn1316.html
VA12,Receptor,DOP-3,"Chase et al., 2004",http://www.nature.com/neuro/journal/v7/n10/full/nn1316.html
VA12,Receptor,LGC-53,"Schafer et al., (n.d.)",THIS STUDY
VA12,Receptor,NPR-3,"Keating et al., 2003",http://www.ncbi.nlm.nih.gov/pubmed/14521838
VA2,Receptor,CKR-2,"Hu et al., 2011",http://www.ncbi.nlm.nih.gov/pubmed/21745640
VA2,Receptor,DOP-1,"Chase et al., 2004",http://www.nature.com/neuro/journal/v7/n10/full/nn1316.html
VA2,Receptor,DOP-3,"Chase et al., 2004",http://www.nature.com/neuro/journal/v7/n10/full/nn1316.html
VA2,Receptor,LGC-53,"Schafer et al., (n.d.)",THIS STUDY
VA2,Receptor,NPR-3,"Keating et al., 2003",http://www.ncbi.nlm.nih.gov/pubmed/14521838
VA3,Receptor,CKR-2,"Hu et al., 2011",http://www.ncbi.nlm.nih.gov/pubmed/21745640
VA3,Receptor,DOP-1,"Chase et al., 2004",http://www.nature.com/neuro/journal/v7/n10/full/nn1316.html
VA3,Receptor,DOP-3,"Chase et al., 2004",http://www.nature.com/neuro/journal/v7/n10/full/nn1316.html
VA3,Receptor,LGC-53,"Schafer et al., (n.d.)",THIS STUDY
VA3,Receptor,NPR-3,"Keating et al., 2003",http://www.ncbi.nlm.nih.gov/pubmed/14521838
VA4,Receptor,CKR-2,"Hu et al., 2011",http://www.ncbi.nlm.nih.gov/pubmed/21745640
VA4,Receptor,DOP-1,"Chase et al., 2004",http://www.nature.com/neuro/journal/v7/n10/full/nn1316.html
VA4,Receptor,DOP-3,"Chase et al., 2004",http://www.nature.com/neuro/journal/v7/n10/full/nn1316.html
VA4,Receptor,LGC-53,"Schafer et al., (n.d.)",THIS STUDY
VA4,Receptor,NPR-3,"Keating et al., 2003",http://www.ncbi.nlm.nih.gov/pubmed/14521838
VA5,Receptor,CKR-2,"Hu et al., 2011",http://www.ncbi.nlm.nih.gov/pubmed/21745640
VA5,Receptor,DOP-1,"Chase et al., 2004",http://www.nature.com/neuro/journal/v7/n10/full/nn1316.html
VA5,Receptor,DOP-3,"Chase et al., 2004",http://www.nature.com/neuro/journal/v7/n10/full/nn1316.html
VA5,Receptor,LGC-53,"Schafer et al., (n.d.)",THIS STUDY
VA5,Receptor,NPR-3,"Keating et al., 2003",http://www.ncbi.nlm.nih.gov/pubmed/14521838
VA6,Receptor,CKR-2,"Hu et al., 2011",http://www.ncbi.nlm.nih.gov/pubmed/21745640
VA6,Receptor,DOP-1,"Chase et al., 2004",http://www.nature.com/neuro/journal/v7/n10/full/nn1316.html
VA6,Receptor,DOP-3,"Chase et al., 2004",http://www.nature.com/neuro/journal/v7/n10/full/nn1316.html
VA6,Receptor,LGC-53,"Schafer et al., (n.d.)",THIS STUDY
VA6,Receptor,NPR-3,"Keating et al., 2003",http://www.ncbi.nlm.nih.gov/pubmed/14521838
VA7,Receptor,CKR-2,"Hu et al., 2011",http://www.ncbi.nlm.nih.gov/pubmed/21745640
VA7,Receptor,DOP-1,"Chase et al., 2004",http://www.nature.com/neuro/journal/v7/n10/full/nn1316.html
VA7,Receptor,DOP-3,"Chase et al., 2004",http://www.nature.com/neuro/journal/v7/n10/full/nn1316.html
VA7,Receptor,LGC-53,"Schafer et al., (n.d.)",THIS STUDY
VA7,Receptor,NPR-3,"Keating et al., 2003",http://www.ncbi.nlm.nih.gov/pubmed/14521838
VA8,Receptor,CKR-2,"Hu et al., 2011",http://www.ncbi.nlm.nih.gov/pubmed/21745640
VA8,Receptor,DOP-1,"Chase et al., 2004",http://www.nature.com/neuro/journal/v7/n10/full/nn1316.html
VA8,Receptor,DOP-3,"Chase et al., 2004",http://www.nature.com/neuro/journal/v7/n10/full/nn1316.html
VA8,Receptor,LGC-53,"Schafer et al., (n.d.)",THIS STUDY
VA8,Receptor,NPR-3,"Keating et al., 2003",http://www.ncbi.nlm.nih.gov/pubmed/14521838
VA9,Receptor,CKR-2,"Hu et al., 2011",http://www.ncbi.nlm.nih.gov/pubmed/21745640
VA9,Receptor,DOP-1,"Chase et al., 2004",http://www.nature.com/neuro/journal/v7/n10/full/nn1316.html
VA9,Receptor,DOP-3,"Chase et al., 2004",http://www.nature.com/neuro/journal/v7/n10/full/nn1316.html
VA9,Receptor,LGC-53,"Schafer et al., (n.d.)",THIS STUDY
VA9,Receptor,NPR-3,"Keating et al., 2003",http://www.ncbi.nlm.nih.gov/pubmed/14521838
VB1,Receptor,CKR-2,"Hu et al., 2011",http://www.ncbi.nlm.nih.gov/pubmed/21745640
VB1,Receptor,DOP-1,"Chase et al., 2004",http://www.nature.com/neuro/journal/v7/n10/full/nn1316.html
VB1,Receptor,DOP-3,"Chase et al., 2004",http://www.nature.com/neuro/journal/v7/n10/full/nn1316.html
VB1,Receptor,NPR-3,"Keating et al., 2003",http://www.ncbi.nlm.nih.gov/pubmed/14521838
VB10,Receptor,CKR-2,"Hu et al., 2011",http://www.ncbi.nlm.nih.gov/pubmed/21745640
VB10,Receptor,DOP-1,"Chase et al., 2004",http://www.nature.com/neuro/journal/v7/n10/full/nn1316.html
VB10,Receptor,DOP-3,"Chase et al., 2004",http://www.nature.com/neuro/journal/v7/n10/full/nn1316.html
VB10,Receptor,NPR-3,"Keating et al., 2003",http://www.ncbi.nlm.nih.gov/pubmed/14521838
VB11,Receptor,CKR-2,"Hu et al., 2011",http://www.ncbi.nlm.nih.gov/pubmed/21745640
VB11,Receptor,DOP-1,"Chase et al., 2004",http://www.nature.com/neuro/journal/v7/n10/full/nn1316.html
VB11,Receptor,DOP-3,"Chase et al., 2004",http://www.nature.com/neuro/journal/v7/n10/full/nn1316.html
VB11,Receptor,NPR-3,"Keating et al., 2003",http://www.ncbi.nlm.nih.gov/pubmed/14521838
VB2,Receptor,CKR-2,"Hu et al., 2011",http://www.ncbi.nlm.nih.gov/pubmed/21745640
VB2,Receptor,DOP-1,"Chase et al., 2004",http://www.nature.com/neuro/journal/v7/n10/full/nn1316.html
VB2,Receptor,DOP-3,"Chase et al., 2004",http://www.nature.com/neuro/journal/v7/n10/full/nn1316.html
VB2,Receptor,NPR-3,"Keating et al., 2003",http://www.ncbi.nlm.nih.gov/pubmed/14521838
VB3,Receptor,CKR-2,"Hu et al., 2011",http://www.ncbi.nlm.nih.gov/pubmed/21745640
VB3,Receptor,DOP-1,"Chase et al., 2004",http://www.nature.com/neuro/journal/v7/n10/full/nn1316.html
VB3,Receptor,DOP-3,"Chase et al., 2004",http://www.nature.com/neuro/journal/v7/n10/full/nn1316.html
VB3,Receptor,NPR-3,"Keating et al., 2003",http://www.ncbi.nlm.nih.gov/pubmed/14521838
VB4,Receptor,CKR-2,"Hu et al., 2011",http://www.ncbi.nlm.nih.gov/pubmed/21745640
VB4,Receptor,DOP-1,"Chase et al., 2004",http://www.nature.com/neuro/journal/v7/n10/full/nn1316.html
VB4,Receptor,DOP-3,"Chase et al., 2004",http://www.nature.com/neuro/journal/v7/n10/full/nn1316.html
VB4,Receptor,NPR-3,"Keating et al., 2003",http://www.ncbi.nlm.nih.gov/pubmed/14521838
VB5,Receptor,CKR-2,"Hu et al., 2011",http://www.ncbi.nlm.nih.gov/pubmed/21745640
VB5,Receptor,DOP-1,"Chase et al., 2004",http://www.nature.com/neuro/journal/v7/n10/full/nn1316.html
VB5,Receptor,DOP-3,"Chase et al., 2004",http://www.nature.com/neuro/journal/v7/n10/full/nn1316.html
VB5,Receptor,NPR-3,"Keating et al., 2003",http://www.ncbi.nlm.nih.gov/pubmed/14521838
VB6,Receptor,CKR-2,"Hu et al., 2011",http://www.ncbi.nlm.nih.gov/pubmed/21745640
VB6,Receptor,DOP-1,"Chase et al., 2004",http://www.nature.com/neuro/journal/v7/n10/full/nn1316.html
VB6,Receptor,DOP-3,"Chase et al., 2004",http://www.nature.com/neuro/journal/v7/n10/full/nn1316.html
VB6,Receptor,NPR-3,"Keating et al., 2003",http://www.ncbi.nlm.nih.gov/pubmed/14521838
VB7,Receptor,CKR-2,"Hu et al., 2011",http://www.ncbi.nlm.nih.gov/pubmed/21745640
VB7,Receptor,DOP-1,"Chase et al., 2004",http://www.nature.com/neuro/journal/v7/n10/full/nn1316.html
VB7,Receptor,DOP-3,"Chase et al., 2004",http://www.nature.com/neuro/journal/v7/n10/full/nn1316.html
VB7,Receptor,NPR-3,"Keating et al., 2003",http://www.ncbi.nlm.nih.gov/pubmed/14521838
VB8,Receptor,CKR-2,"Hu et al., 2011",http://www.ncbi.nlm.nih.gov/pubmed/21745640
VB8,Receptor,DOP-1,"Chase et al., 2004",http://www.nature.com/neuro/journal/v7/n10/full/nn1316.html
VB8,Receptor,DOP-3,"Chase et al., 2004",http://www.nature.com/neuro/journal/v7/n10/full/nn1316.html
VB8,Receptor,NPR-3,"Keating et al., 2003",http://www.ncbi.nlm.nih.gov/pubmed/14521838
VB9,Receptor,CKR-2,"Hu et al., 2011",http://www.ncbi.nlm.nih.gov/pubmed/21745640
VB9,Receptor,DOP-1,"Chase et al., 2004",http://www.nature.com/neuro/journal/v7/n10/full/nn1316.html
VB9,Receptor,DOP-3,"Chase et al., 2004",http://www.nature.com/neuro/journal/v7/n10/full/nn1316.html
VB9,Receptor,NPR-3,"Keating et al., 2003",http://www.ncbi.nlm.nih.gov/pubmed/14521838
VD1,Receptor,DOP-3,"Chase et al., 2004",http://www.nature.com/neuro/journal/v7/n10/full/nn1316.html
VD1,Receptor,MOD-1,"Gürel et al., 2012",https://dspace.mit.edu/handle/1721.1/85982
VD1,Receptor,SER-2,"Donnelly et al., 2013",http://journals.plos.org/plosbiology/article?id=10.1371/journal.pbio.1001529
VD10,Receptor,DOP-3,"Chase et al., 2004",http://www.nature.com/neuro/journal/v7/n10/full/nn1316.html
VD10,Receptor,MOD-1,"Gürel et al., 2012",https://dspace.mit.edu/handle/1721.1/85982
VD10,Receptor,SER-2,"Donnelly et al., 2013",http://journals.plos.org/plosbiology/article?id=10.1371/journal.pbio.1001529
VD11,Receptor,DOP-3,"Chase et al., 2004",http://www.nature.com/neuro/journal/v7/n10/full/nn1316.html
VD11,Receptor,MOD-1,"Gürel et al., 2012",https://dspace.mit.edu/handle/1721.1/85982
VD11,Receptor,SER-2,"Donnelly et al., 2013",http://journals.plos.org/plosbiology/article?id=10.1371/journal.pbio.1001529
VD12,Receptor,DOP-3,"Chase et al., 2004",http://www.nature.com/neuro/journal/v7/n10/full/nn1316.html
VD12,Receptor,MOD-1,"Gürel et al., 2012",https://dspace.mit.edu/handle/1721.1/85982
VD12,Receptor,SER-2,"Donnelly et al., 2013",http://journals.plos.org/plosbiology/article?id=10.1371/journal.pbio.1001529
VD13,Receptor,DOP-3,"Chase et al., 2004",http://www.nature.com/neuro/journal/v7/n10/full/nn1316.html
VD13,Receptor,MOD-1,"Gürel et al., 2012",https://dspace.mit.edu/handle/1721.1/85982
VD13,Receptor,SER-2,"Donnelly et al., 2013",http://journals.plos.org/plosbiology/article?id=10.1371/journal.pbio.1001529
VD2,Receptor,DOP-3,"Chase et al., 2004",http://www.nature.com/neuro/journal/v7/n10/full/nn1316.html
VD2,Receptor,MOD-1,"Gürel et al., 2012",https://dspace.mit.edu/handle/1721.1/85982
VD2,Receptor,SER-2,"Donnelly et al., 2013",http://journals.plos.org/plosbiology/article?id=10.1371/journal.pbio.1001529
VD3,Receptor,DOP-3,"Chase et al., 2004",http://www.nature.com/neuro/journal/v7/n10/full/nn1316.html
VD3,Receptor,MOD-1,"Gürel et al., 2012",https://dspace.mit.edu/handle/1721.1/85982
VD3,Receptor,SER-2,"Donnelly et al., 2013",http://journals.plos.org/plosbiology/article?id=10.1371/journal.pbio.1001529
VD4,Receptor,DOP-3,"Chase et al., 2004",http://www.nature.com/neuro/journal/v7/n10/full/nn1316.html
VD4,Receptor,MOD-1,"Gürel et al., 2012",https://dspace.mit.edu/handle/1721.1/85982
VD4,Receptor,SER-2,"Donnelly et al., 2013",http://journals.plos.org/plosbiology/article?id=10.1371/journal.pbio.1001529
VD5,Receptor,DOP-3,"Chase et al., 2004",http://www.nature.com/neuro/journal/v7/n10/full/nn1316.html
VD5,Receptor,MOD-1,"Gürel et al., 2012",https://dspace.mit.edu/handle/1721.1/85982
VD5,Receptor,SER-2,"Donnelly et al., 2013",http://journals.plos.org/plosbiology/article?id=10.1371/journal.pbio.1001529
VD6,Receptor,DOP-3,"Chase et al., 2004",http://www.nature.com/neuro/journal/v7/n10/full/nn1316.html
VD6,Receptor,MOD-1,"Gürel et al., 2012",https://dspace.mit.edu/handle/1721.1/85982
VD6,Receptor,SER-2,"Donnelly et al., 2013",http://journals.plos.org/plosbiology/article?id=10.1371/journal.pbio.1001529
VD7,Receptor,DOP-3,"Chase et al., 2004",http://www.nature.com/neuro/journal/v7/n10/full/nn1316.html
VD7,Receptor,MOD-1,"Gürel et al., 2012",https://dspace.mit.edu/handle/1721.1/85982
VD7,Receptor,SER-2,"Donnelly et al., 2013",http://journals.plos.org/plosbiology/article?id=10.1371/journal.pbio.1001529
VD8,Receptor,DOP-3,"Chase et al., 2004",http://www.nature.com/neuro/journal/v7/n10/full/nn1316.html
VD8,Receptor,MOD-1,"Gürel et al., 2012",https://dspace.mit.edu/handle/1721.1/85982
VD8,Receptor,SER-2,"Donnelly et al., 2013",http://journals.plos.org/plosbiology/article?id=10.1371/journal.pbio.1001529
VD9,Receptor,DOP-3,"Chase et al., 2004",http://www.nature.com/neuro/journal/v7/n10/full/nn1316.html
VD9,Receptor,MOD-1,"Gürel et al., 2012",https://dspace.mit.edu/handle/1721.1/85982
VD9,Receptor,SER-2,"Donnelly et al., 2013",http://journals.plos.org/plosbiology/article?id=10.1371/journal.pbio.1001529
